studentid,subsidy
6,0
7,0
12,0
24,1000
27,1000
30,0
31,0
40,0
41,1000
42,0
44,2000
45,0
50,1000
51,1000
52,0
53,1500
54,0
55,1500
58,1500
59,1000
68,2000
78,0
79,1000
80,0
81,0
84,1000
85,0
86,0
94,1000
95,1000
122,1000
123,0
124,0
125,1000
126,1500
127,2000
128,1500
129,0
130,2000
131,0
132,1000
133,1000
134,0
135,1000
145,0
150,0
151,2000
164,0
168,0
169,0
170,0
171,0
174,0
175,0
176,1500
177,0
180,0
181,1000
188,1000
196,0
197,2000
208,2000
209,1000
210,0
211,2000
223,1000
226,1000
227,2000
240,1500
241,0
242,0
243,0
246,2000
247,1000
249,2000
252,2000
253,2000
256,0
257,1500
263,0
264,0
265,1000
280,2000
281,0
284,0
285,1000
292,0
293,1000
302,0
303,0
314,1000
315,0
316,1000
326,0
332,2000
333,1000
336,1500
337,1000
338,1500
341,1000
342,2000
343,1000
350,0
351,0
356,2000
357,0
360,1000
361,0
364,2000
365,0
371,0
374,1000
375,0
378,0
379,1000
380,2000
382,1000
383,2000
392,2000
402,0
403,0
410,0
411,1500
422,1000
429,0
434,0
435,0
436,0
456,2000
457,0
459,0
464,0
465,1000
473,0
482,1000
483,2000
490,1000
491,0
493,0
494,1000
495,0
506,2000
514,2000
516,2000
517,0
518,2000
519,0
520,0
521,2000
530,1000
538,0
539,1000
540,0
541,1000
542,0
543,1500
546,1500
547,1000
548,2000
549,0
554,1000
555,1000
556,1000
557,0
560,0
561,0
568,0
569,0
590,0
591,0
600,0
601,0
622,1500
623,0
629,1000
632,0
633,0
638,1000
639,0
644,0
652,1500
653,1000
656,2000
657,2000
666,0
667,0
670,1500
671,2000
673,0
676,0
677,1000
689,1500
698,0
699,0
702,1500
703,0
704,0
705,0
716,1000
717,1000
720,2000
721,2000
722,0
723,1000
724,0
725,1000
726,0
753,1000
760,1000
761,2000
765,0
768,0
769,0
778,1000
779,0
780,1500
781,0
782,2000
783,0
784,0
785,0
792,0
794,1000
806,0
807,1000
812,0
813,1000
815,0
818,1000
819,1000
828,0
837,0
838,0
839,0
856,0
857,0
862,0
863,0
866,2000
867,2000
870,1000
871,2000
872,0
873,0
875,0
876,1000
877,0
881,0
884,1000
885,1000
888,0
889,0
893,1500
904,0
905,2000
906,1000
910,2000
911,0
912,0
913,1000
918,0
919,0
920,0
921,1500
926,2000
927,0
930,1000
931,0
962,0
963,0
964,0
965,2000
968,0
969,1000
972,0
973,0
976,0
1004,0
1005,1000
1014,2000
1015,0
1018,2000
1019,1000
1028,1000
1032,0
1033,1000
1035,1500
1042,0
1043,2000
1056,0
1057,0
1073,2000
1077,0
1086,0
1087,0
1090,1500
1094,0
1095,2000
1100,0
1101,2000
1105,0
1106,1000
1107,0
1112,0
1113,1000
1114,1000
1116,2000
1117,0
1122,0
1123,0
1126,0
1127,1000
1146,0
1147,0
1148,0
1149,0
1158,1000
1159,1000
1160,1000
1161,1000
1162,0
1163,0
1164,1500
1165,1000
1178,0
1179,0
1180,0
1181,1000
1188,0
1189,0
1190,1000
1194,0
1195,2000
1230,0
1231,2000
1234,1000
1235,1000
1238,0
1239,1500
1244,0
1245,0
1250,0
1251,0
1262,0
1263,1000
1274,2000
1275,1000
1276,0
1277,0
1281,0
1293,0
1298,1500
1299,1000
1310,1000
1311,0
1314,0
1315,1000
1316,0
1317,0
1322,0
1323,0
1336,2000
1337,1500
1340,1000
1341,1000
1346,2000
1347,1000
1357,2000
1362,1000
1363,1000
1368,0
1369,1000
1370,1000
1374,2000
1376,2000
1377,0
1380,0
1381,0
1388,0
1389,0
1390,0
1391,2000
1399,0
1400,2000
1401,0
1403,0
1404,0
1405,2000
1412,1000
1413,0
1418,0
1419,0
1420,1000
1422,1000
1423,2000
1424,0
1425,0
1432,1500
1433,0
1436,1000
1437,0
1442,1000
1443,2000
1444,1000
1445,0
1446,2000
1447,1000
1450,2000
1451,0
1456,0
1458,1000
1459,1000
1462,2000
1463,1000
1466,0
1467,0
1468,1500
1469,0
1472,0
1482,0
1483,1000
1484,2000
1485,1000
1490,1500
1491,0
1492,0
1493,1000
1496,1500
1508,0
1509,2000
1510,2000
1511,0
1516,0
1517,0
1526,2000
1544,2000
1545,0
1546,0
1547,2000
1558,1000
1559,0
1560,1000
1561,0
1566,2000
1567,1000
1572,1000
1573,0
1574,0
1575,0
1578,0
1579,1000
1586,0
1587,0
1588,2000
1589,1000
1597,1000
1600,2000
1601,2000
1606,0
1607,0
1608,0
1609,0
1616,0
1617,0
1618,0
1619,0
1624,0
1625,0
1636,0
1637,2000
1639,2000
1644,1000
1645,0
1646,1000
1647,2000
1659,1500
1668,0
1669,2000
1690,0
1691,2000
1692,0
1693,0
1700,1000
1701,0
1702,0
1703,0
1704,0
1705,1000
1706,0
1707,1000
1708,1000
1709,0
1710,0
1711,2000
1718,1000
1726,0
1727,1000
1728,0
1736,2000
1737,2000
1738,0
1739,1500
1762,0
1763,1000
1764,1000
1765,0
1766,0
1767,0
1768,0
1769,2000
1773,0
1775,0
1776,1000
1777,2000
1778,0
1779,0
1784,0
1785,1500
1787,0
1809,0
1810,2000
1811,0
1815,1000
1816,0
1819,1000
1820,1000
1821,0
1826,2000
1827,0
1830,2000
1831,0
1838,0
1839,0
1846,1000
1847,1000
1852,1000
1853,0
1855,0
1858,0
1859,2000
1860,0
1861,2000
1864,0
1865,2000
1882,1000
1883,0
1894,0
1895,2000
1896,0
1897,0
1899,0
1908,1500
1909,0
1912,1000
1913,2000
1917,1000
1920,2000
1921,0
1922,0
1934,1000
1935,1000
1936,0
1940,1000
1952,1500
1953,1000
1958,0
1959,0
1960,0
1961,0
1962,1000
1976,0
1977,2000
1988,0
1989,1000
1992,0
1993,0
2000,0
2001,0
2008,0
2009,0
2010,1000
2011,0
2012,1000
2013,0
2020,0
2021,0
2022,0
2023,2000
2028,0
2029,1000
2040,2000
2041,2000
2043,0
2047,1000
2050,0
2051,2000
2054,2000
2055,0
2058,0
2059,0
2074,0
2075,1000
2080,2000
2081,2000
2082,1000
2083,1000
2084,1000
2085,1000
2086,0
2087,2000
2098,0
2099,0
2104,1000
2106,2000
2107,0
2108,2000
2109,0
2114,2000
2115,0
2116,2000
2117,1000
2118,0
2119,0
2120,0
2121,0
2136,1000
2137,2000
2140,1000
2141,1500
2146,1000
2147,2000
2151,2000
2152,1500
2153,1000
2154,2000
2155,1000
2159,0
2160,0
2166,1000
2167,0
2172,0
2173,0
2177,1000
2182,0
2186,2000
2187,0
2188,1000
2189,1000
2194,1000
2195,0
2200,1000
2201,0
2202,0
2203,0
2204,0
2205,0
2210,2000
2211,0
2212,0
2213,1000
2216,0
2217,1000
2220,1000
2226,1000
2227,1000
2238,0
2239,0
2240,0
2241,2000
2242,0
2243,1000
2254,2000
2255,0
2260,0
2261,1000
2262,0
2263,0
2277,0
2282,2000
2283,0
2288,0
2289,0
2290,0
2291,0
2300,0
2312,0
2313,2000
2324,1000
2325,2000
2326,0
2327,0
2328,0
2329,1000
2330,0
2331,2000
2336,0
2337,2000
2338,1000
2342,0
2343,2000
2344,1000
2345,2000
2346,0
2347,0
2352,2000
2360,2000
2361,0
2377,0
2378,1000
2379,0
2386,0
2387,2000
2394,0
2395,0
2398,1000
2399,0
2404,0
2405,2000
2406,1000
2407,1000
2413,0
2415,0
2421,0
2426,1000
2436,0
2446,0
2447,0
2450,1000
2470,1500
2471,0
2496,0
2497,1000
2502,0
2503,0
2507,1000
2512,1000
2513,1000
2515,0
2526,2000
2527,1000
2529,0
2535,0
2536,0
2537,0
2544,2000
2545,0
2546,2000
2548,1000
2549,1000
2554,1500
2555,0
2560,1500
2561,0
2564,1000
2565,1000
2566,1000
2567,1000
2568,1000
2569,0
2574,0
2575,0
2589,0
2590,0
2591,2000
2592,0
2593,0
2596,0
2597,0
2600,0
2601,0
2602,1000
2603,0
2608,1000
2609,0
2610,1000
2611,1000
2618,0
2619,0
2620,1000
2624,0
2625,0
2634,0
2635,2000
2640,0
2641,2000
2642,1000
2643,0
2646,1000
2647,1500
2650,0
2651,1000
2652,0
2653,0
2685,1000
2686,0
2687,0
2698,0
2699,0
2702,2000
2703,0
2715,0
2716,0
2717,0
2724,0
2725,1000
2726,1000
2737,2000
2744,1000
2745,1000
2750,2000
2751,1000
2752,0
2753,0
2762,0
2763,0
2768,0
2769,0
2770,2000
2771,1000
2772,0
2773,0
2778,1000
2779,1000
2784,0
2786,1000
2792,0
2793,0
2794,2000
2795,0
2796,0
2797,0
2798,1000
2799,0
2800,0
2801,0
2804,1000
2805,2000
2809,1500
2820,0
2821,0
2823,2000
2830,0
2831,0
2840,2000
2841,0
2842,1000
2848,1000
2849,2000
2850,2000
2851,1000
2852,0
2853,1000
2887,0
2891,2000
2892,0
2900,0
2918,0
2919,1000
2936,1000
2937,1000
2940,0
2941,0
2942,1000
2943,0
2965,1500
2966,0
2967,0
2986,1000
2987,2000
2988,0
3000,0
3001,2000
3006,0
3007,0
3008,1000
3009,1000
3023,0
3030,1500
3031,0
3036,1000
3037,0
3044,2000
3045,0
3050,1500
3051,1000
3052,0
3054,2000
3055,2000
3058,0
3059,0
3064,0
3066,0
3067,0
3068,2000
3069,2000
3072,0
3073,1500
3074,1000
3075,0
3082,0
3083,1500
3088,0
3089,0
3098,0
3099,1000
3102,0
3103,0
3106,0
3107,1000
3108,2000
3109,1000
3128,0
3129,0
3134,1000
3136,0
3137,2000
3139,0
3140,0
3141,0
3142,0
3143,0
3155,1000
3172,2000
3173,0
3174,0
3175,0
3177,2000
3184,1000
3185,0
3192,2000
3193,0
3202,0
3203,0
3208,1000
3234,1500
3235,1000
3242,0
3243,1000
3262,0
3263,0
3268,0
3269,0
3278,0
3279,1000
3281,0
3282,2000
3306,0
3307,2000
3314,1500
3315,1000
3320,1000
3321,0
3334,0
3335,0
3336,0
3337,1000
3338,1000
3342,1000
3354,0
3355,0
3356,0
3357,1000
3360,0
3361,0
3366,0
3367,1500
3368,1000
3369,2000
3370,0
3371,0
3398,1500
3399,0
3414,0
3415,0
3422,1000
3423,1000
3429,0
3432,1000
3433,0
3434,1000
3435,1000
3438,0
3439,0
3452,2000
3453,1000
3454,0
3455,0
3466,1000
3476,1500
3477,0
3478,2000
3479,2000
3480,0
3481,0
3484,0
3485,1000
3494,0
3495,0
3498,1000
3499,0
3502,2000
3503,1000
3504,2000
3505,0
3508,0
3509,1000
3514,0
3526,0
3527,0
3528,2000
3529,1000
3536,1000
3537,1000
3544,0
3545,0
3548,0
3549,1000
3550,1000
3551,1000
3552,0
3553,0
3554,2000
3558,1500
3559,1000
3562,0
3563,1000
3570,0
3571,1000
3574,0
3575,1000
3586,2000
3587,2000
3592,1000
3593,0
3606,0
3610,0
3611,1000
3612,1000
3616,0
3618,1000
3619,1000
3622,2000
3623,0
3630,1000
3631,1000
3635,2000
3654,2000
3655,0
3662,0
3663,0
3672,0
3673,0
3676,0
3677,0
3678,0
3679,2000
3681,2000
3688,0
3689,0
3722,0
3723,0
3730,1500
3731,0
3734,1500
3735,0
3736,2000
3737,2000
3740,0
3746,1000
3747,0
3748,1000
3752,0
3753,1500
3758,0
3759,0
3770,0
3771,0
3788,0
3789,0
3792,0
3794,2000
3795,1500
3798,0
3799,2000
3806,0
3807,0
3811,2000
3814,1000
3815,1000
3820,0
3837,0
3842,0
3843,1500
3848,2000
3849,0
3854,0
3855,0
3856,0
3857,2000
3864,2000
3865,1500
3866,0
3867,0
3868,0
3869,0
3880,1000
3881,2000
3884,0
3885,0
3886,1000
3887,0
3888,1000
3889,2000
3890,0
3894,0
3895,1000
3900,1500
3906,1000
3907,0
3908,1000
3909,1000
3924,1000
3925,1000
3926,2000
3927,1000
3929,0
3932,0
3935,0
3936,0
3937,0
3939,1000
3940,0
3941,0
3942,2000
3943,0
3952,1000
3956,0
3957,0
3966,0
3967,0
3970,0
3971,1000
3975,0
3976,1000
3977,0
3994,1000
3995,0
3997,0
4000,0
4001,0
4006,0
4010,2000
4011,0
4012,1500
4013,0
4018,0
4019,0
4026,0
4027,2000
4038,0
4039,2000
4044,1000
4049,2000
4054,2000
4055,1500
4056,0
4057,1000
4058,0
4059,0
4060,1500
4061,0
4062,0
4063,1000
4064,1000
4065,0
4076,1500
4077,0
4080,0
4081,0
4086,0
4087,2000
4088,0
4089,0
4094,0
4095,1000
4096,0
4097,0
4100,1000
4101,1000
4102,2000
4103,0
4104,2000
4105,1000
4108,1000
4109,1000
4110,0
4111,2000
4114,0
4115,1000
4118,1000
4120,0
4121,2000
4124,0
4125,0
4129,1000
4130,2000
4131,2000
4134,2000
4135,0
4138,1500
4139,2000
4146,2000
4147,2000
4148,0
4149,0
4150,1500
4151,0
4152,1500
4153,0
4156,0
4158,0
4159,2000
4168,2000
4169,1500
4170,0
4171,1500
4174,2000
4175,1000
4180,0
4181,1000
4184,0
4185,0
4200,0
4201,2000
4204,1000
4206,0
4208,2000
4209,0
4212,0
4213,1000
4218,0
4219,2000
4220,2000
4221,1000
4222,2000
4223,0
4224,0
4226,2000
4227,2000
4228,1000
4229,1000
4234,0
4235,0
4240,0
4241,0
4252,0
4253,1000
4261,0
4270,0
4271,0
4276,2000
4278,0
4279,2000
4281,2000
4284,1000
4285,1000
4288,0
4296,0
4300,0
4301,2000
4302,2000
4303,2000
4304,1500
4305,2000
4311,0
4312,0
4313,0
4316,1000
4317,2000
4318,1000
4319,1000
4328,2000
4330,0
4331,0
4334,1000
4335,2000
4338,0
4339,0
4340,0
4341,1500
4342,0
4343,1000
4346,0
4347,0
4352,0
4353,0
4358,1500
4359,0
4360,0
4361,0
4368,0
4369,0
4378,0
4379,0
4384,0
4385,0
4393,2000
4406,1000
4407,2000
4412,1000
4413,1500
4415,1500
4430,0
4431,0
4438,0
4439,2000
4440,0
4441,0
4444,1000
4446,1000
4447,0
4450,0
4466,0
4467,0
4468,1000
4469,1000
4470,1000
4471,2000
4474,0
4475,0
4487,0
4490,0
4491,0
4492,1500
4493,0
4508,0
4518,1000
4519,0
4520,1000
4522,1000
4523,0
4526,0
4527,0
4535,2000
4554,2000
4555,2000
4562,0
4574,0
4575,1500
4580,1000
4581,0
4582,0
4583,0
4589,0
4599,1000
4600,1000
4601,0
4624,1000
4625,1000
4631,0
4632,2000
4633,0
4638,1000
4639,1000
4640,1000
4641,2000
4642,2000
4643,1000
4650,0
4651,0
4652,2000
4653,0
4660,1000
4661,0
4672,1000
4673,0
4684,2000
4685,2000
4687,2000
4706,1500
4707,2000
4716,1000
4717,0
4720,1000
4721,0
4722,0
4726,1000
4727,2000
4728,0
4729,0
4736,1000
4738,1000
4739,0
4740,2000
4741,0
4744,1000
4745,1000
4755,0
4756,0
4757,2000
4762,1500
4763,1000
4768,0
4769,1000
4772,0
4773,1500
4783,1000
4786,2000
4787,0
4790,0
4791,0
4810,0
4811,0
4816,0
4817,0
4820,1500
4821,1000
4832,0
4833,0
4834,2000
4835,2000
4842,0
4852,0
4854,0
4855,1000
4856,0
4857,0
4871,0
4874,2000
4875,1500
4885,0
4886,0
4887,2000
4891,1500
4896,1000
4897,2000
4902,1000
4903,2000
4904,1000
4906,0
4907,0
4914,1500
4915,0
4920,2000
4921,0
4930,2000
4931,2000
4932,1000
4933,1500
4950,0
4951,0
4952,0
4953,1000
4962,0
4963,0
4964,1000
4965,1000
4974,1000
4975,0
4981,1000
4982,2000
4986,0
4987,0
4992,0
4993,0
4994,2000
4995,0
5019,1000
5036,0
5037,1000
5043,0
5046,1000
5047,0
5050,1000
5051,0
5052,0
5059,0
5060,0
5061,0
5062,1000
5063,0
5071,0
5074,1500
5075,0
5084,0
5092,0
5106,1500
5107,1000
5111,0
5112,2000
5113,1000
5124,1000
5125,0
5126,0
5127,0
5130,1000
5131,1000
5138,1500
5139,2000
5146,0
5147,0
5153,0
5154,0
5156,2000
5157,1500
5159,0
5160,0
5161,0
5162,2000
5163,1000
5166,1000
5167,0
5174,0
5175,0
5176,2000
5177,0
5178,1500
5179,1000
5180,1000
5181,1000
5188,0
5189,2000
5200,2000
5201,0
5206,0
5207,2000
5216,2000
5217,1000
5230,1000
5231,1500
5236,1000
5237,1000
5266,0
5267,1000
5278,0
5279,1000
5284,0
5285,1000
5286,2000
5287,2000
5294,0
5296,0
5297,0
5298,1000
5303,2000
5306,1000
5307,0
5311,0
5324,2000
5328,0
5329,0
5336,1000
5337,0
5340,0
5341,1000
5348,2000
5349,0
5350,0
5351,0
5360,1000
5361,2000
5364,1000
5367,2000
5370,1000
5378,0
5379,0
5380,0
5381,2000
5392,0
5396,0
5397,0
5400,0
5401,0
5407,0
5410,1500
5411,0
5412,1000
5413,0
5426,0
5427,0
5442,0
5443,1000
5448,1000
5449,2000
5451,0
5454,1000
5455,2000
5459,1000
5464,2000
5465,0
5466,2000
5467,2000
5477,0
5484,0
5485,1000
5497,0
5504,1000
5506,0
5507,0
5512,1500
5513,1000
5516,1000
5517,1500
5522,0
5523,0
5526,1000
5527,0
5530,0
5531,0
5534,1000
5535,1000
5538,0
5539,2000
5540,1000
5541,0
5542,0
5547,0
5556,2000
5557,1000
5560,0
5561,2000
5562,2000
5563,0
5568,0
5572,0
5586,1000
5592,0
5593,0
5596,2000
5597,0
5603,0
5613,0
5614,0
5615,0
5622,1500
5624,0
5625,1000
5626,0
5627,1000
5630,0
5631,2000
5636,0
5637,0
5638,0
5640,1000
5641,1000
5642,0
5656,0
5657,0
5660,1500
5661,1000
5668,0
5674,0
5675,2000
5678,1500
5679,0
5684,1000
5685,0
5689,0
5694,0
5698,0
5699,0
5716,0
5717,0
5736,1000
5737,0
5738,1000
5739,0
5741,0
5742,0
5743,0
5748,0
5749,1000
5768,1000
5769,0
5788,1000
5789,1000
5802,0
5803,1000
5804,2000
5806,1000
5807,0
5810,0
5811,2000
5820,1000
5821,0
5828,0
5829,0
5836,2000
5837,1500
5852,1000
5853,1000
5854,1500
5855,0
5856,0
5857,1000
5860,2000
5861,2000
5868,1000
5869,0
5889,0
5890,1000
5891,0
5894,2000
5895,0
5906,0
5910,2000
5911,1000
5916,1000
5917,1000
5928,1000
5929,2000
5930,0
5931,1000
5948,0
5949,0
5950,1500
5951,0
5960,2000
5961,2000
5963,1000
5970,1000
5971,0
5981,0
5986,0
5987,0
5988,0
5989,1000
5998,0
5999,1000
6000,0
6001,2000
6015,0
6018,1000
6019,1000
6026,0
6027,0
6030,0
6031,0
6034,0
6035,1000
6049,0
6050,0
6051,0
6052,1000
6053,2000
6056,1000
6057,0
6059,1500
6060,0
6061,0
6062,1500
6084,0
6088,1000
6092,0
6093,2000
6094,0
6095,0
6096,1000
6097,0
6108,0
6109,2000
6110,0
6111,2000
6119,1000
6123,0
6130,0
6140,0
6141,0
6152,0
6153,0
6158,0
6159,0
6162,1000
6163,0
6164,0
6165,1000
6166,2000
6167,1000
6175,1500
6186,0
6187,0
6188,0
6189,0
6194,0
6195,1000
6209,0
6216,0
6217,1000
6223,0
6226,2000
6228,2000
6229,0
6238,1000
6239,1000
6240,1000
6241,0
6247,0
6256,0
6257,2000
6259,1000
6264,2000
6270,2000
6271,0
6272,1000
6273,2000
6274,0
6280,0
6281,2000
6284,1000
6285,0
6287,1000
6294,0
6295,2000
6298,0
6299,0
6300,0
6301,0
6308,1000
6309,0
6310,1000
6311,2000
6314,0
6315,0
6318,1000
6319,0
6324,0
6325,0
6326,0
6327,0
6328,0
6329,0
6330,1000
6334,1000
6335,0
6336,2000
6337,0
6340,1000
6341,0
6350,1000
6351,1500
6354,1000
6355,0
6364,1000
6365,2000
6378,0
6380,2000
6381,0
6384,0
6385,0
6398,2000
6399,1000
6402,2000
6404,1000
6405,2000
6415,0
6416,0
6417,0
6418,0
6419,0
6422,1000
6423,1000
6432,0
6433,1000
6434,2000
6435,0
6436,0
6448,0
6470,1000
6471,1000
6490,0
6491,2000
6494,0
6495,1000
6498,0
6500,1000
6501,1000
6503,0
6514,1000
6515,1000
6516,1500
6517,1500
6522,0
6528,0
6530,0
6536,1500
6539,0
6542,1000
6543,1000
6548,1000
6549,0
6556,0
6557,1000
6559,1000
6560,2000
6561,0
6569,2000
6570,0
6571,0
6576,1000
6577,1500
6580,0
6581,1000
6586,1000
6587,0
6602,0
6603,0
6606,1000
6608,0
6609,0
6612,2000
6613,0
6616,1500
6622,1000
6632,0
6633,0
6634,0
6635,1000
6638,1000
6640,2000
6641,0
6645,0
6658,0
6659,0
6674,0
6675,1000
6676,0
6677,0
6684,1500
6685,0
6689,0
6690,0
6692,2000
6693,2000
6698,2000
6699,2000
6700,2000
6701,0
6712,1500
6713,0
6724,0
6725,0
6726,2000
6727,0
6732,1500
6733,2000
6734,1500
6735,2000
6742,2000
6743,2000
6745,0
6746,0
6747,0
6752,0
6753,2000
6758,0
6759,2000
6766,2000
6767,0
6776,2000
6777,0
6780,0
6781,0
6782,0
6794,2000
6795,1000
6796,1000
6797,1000
6811,0
6813,1000
6814,0
6815,2000
6818,1000
6819,1000
6842,1000
6843,1000
6848,0
6849,0
6850,0
6852,0
6853,1500
6855,2000
6860,1000
6861,0
6864,1000
6865,2000
6866,2000
6867,1000
6868,0
6869,2000
6870,0
6878,0
6879,0
6888,1000
6908,2000
6909,0
6910,0
6911,0
6912,0
6913,2000
6918,0
6919,1000
6934,1500
6935,0
6936,0
6938,2000
6939,1000
6940,1000
6941,1000
6946,0
6947,1000
6948,1000
6949,1000
6952,0
6953,2000
6954,2000
6955,2000
6958,0
6959,0
6963,0
6968,1000
6969,0
6976,1000
6977,0
6986,0
6987,0
7000,0
7001,1000
7002,1000
7003,0
7006,0
7007,0
7012,0
7013,0
7018,0
7019,0
7024,0
7025,0
7030,1500
7031,1000
7036,2000
7037,1000
7048,0
7049,0
7050,0
7051,0
7052,1000
7053,1000
7058,1000
7059,0
7064,1000
7074,1000
7075,0
7076,1000
7077,1000
7090,0
7091,1000
7092,0
7105,0
7110,2000
7111,0
7112,1000
7113,2000
7118,0
7120,1000
7121,1000
7130,1000
7132,0
7133,0
7138,2000
7139,1000
7140,2000
7146,0
7147,2000
7149,1000
7150,2000
7172,0
7173,1000
7174,0
7175,1000
7188,0
7189,2000
7194,1000
7195,0
7196,2000
7197,0
7201,0
7206,0
7207,0
7211,1000
7212,0
7214,1000
7215,0
7224,2000
7225,0
7226,1000
7227,0
7238,1000
7239,0
7246,2000
7247,0
7248,0
7276,2000
7277,1000
7284,0
7285,0
7286,0
7287,0
7290,1000
7291,1000
7302,0
7303,1000
7304,0
7305,0
7306,0
7307,1000
7308,2000
7309,0
7316,0
7317,0
7320,0
7322,0
7323,0
7328,0
7329,2000
7330,1000
7331,0
7344,0
7352,0
7353,1000
7359,0
7362,1000
7363,1000
7367,1000
7369,1000
7374,2000
7375,0
7380,0
7381,1000
7394,0
7395,0
7399,0
7400,1000
7401,0
7404,0
7405,2000
7408,0
7409,0
7414,0
7415,1000
7424,2000
7425,1000
7437,1000
7438,0
7439,0
7444,0
7445,0
7449,0
7454,0
7455,2000
7456,1500
7462,0
7464,2000
7472,0
7473,0
7482,0
7496,0
7497,2000
7498,1000
7499,2000
7506,0
7507,0
7508,1000
7509,2000
7510,0
7511,2000
7512,0
7513,0
7514,2000
7526,1500
7527,1000
7530,0
7538,0
7539,1000
7542,0
7547,0
7554,2000
7555,0
7558,0
7559,1000
7560,1000
7561,0
7562,1000
7563,1000
7564,0
7565,0
7580,0
7581,1000
7582,2000
7583,2000
7584,0
7585,1000
7596,1500
7597,1000
7598,0
7599,0
7600,2000
7601,2000
7602,0
7603,2000
7604,1000
7605,1000
7609,1000
7614,1000
7615,0
7622,1500
7623,0
7629,2000
7639,0
7652,0
7653,1000
7654,0
7655,0
7662,0
7668,0
7669,0
7682,2000
7683,0
7685,2000
7693,1000
7696,0
7698,2000
7704,0
7705,1000
7710,0
7716,2000
7717,0
7720,2000
7721,0
7727,0
7744,1000
7745,1000
7752,0
7753,0
7758,0
7759,1000
7760,0
7761,1000
7768,1500
7769,2000
7774,0
7775,1000
7780,0
7781,1000
7783,0
7784,2000
7785,1000
7786,1000
7787,1500
7790,1500
7791,0
7792,2000
7793,0
7798,1000
7799,0
7806,0
7807,1000
7810,2000
7811,0
7814,0
7815,0
7816,1000
7817,0
7818,1000
7819,0
7820,1000
7836,0
7837,0
7850,0
7851,0
7858,0
7859,0
7860,0
7861,0
7867,0
7868,2000
7869,1000
7876,2000
7879,0
7884,1000
7885,1000
7890,0
7891,0
7894,0
7895,0
7902,0
7903,1000
7905,2000
7917,1500
7926,0
7927,1000
7928,1000
7929,0
7936,2000
7937,0
7952,0
7953,0
7966,0
7970,0
7971,2000
7988,1500
7989,1000
7992,2000
7993,0
7996,1000
7997,1000
8012,0
8013,0
8034,0
8035,0
8042,1000
8043,0
8044,0
8045,0
8046,0
8047,1000
8068,0
8069,1000
8072,0
8073,0
8074,0
8075,0
8076,0
8078,0
8079,1000
8096,0
8112,1000
8113,2000
8116,1000
8126,1000
8127,1000
8132,0
8133,1500
8134,0
8135,0
8141,1000
8145,0
8148,0
8149,1000
8150,0
8151,1000
8152,0
8153,2000
8164,0
8165,2000
8168,0
8169,0
8170,1000
8186,0
8188,0
8189,2000
8193,2000
8194,2000
8195,0
8198,0
8199,2000
8202,0
8203,2000
8210,1000
8211,0
8212,2000
8213,0
8216,1000
8217,1000
8220,1000
8221,0
8224,1000
8225,0
8226,0
8227,0
8228,2000
8229,0
8230,2000
8231,1000
8235,1000
8236,0
8237,0
8244,1000
8245,2000
8259,0
8260,2000
8264,0
8265,0
8280,0
8281,1000
8292,1000
8298,0
8303,0
8304,0
8305,0
8306,2000
8307,0
8312,1000
8313,1000
8318,1000
8319,0
8320,1000
8321,0
8324,1000
8325,0
8335,1000
8336,0
8338,0
8339,0
8348,0
8349,1000
8350,1000
8357,1000
8360,1500
8361,0
8362,0
8363,1000
8371,0
8372,1500
8373,1000
8375,2000
8377,1000
8380,1000
8381,0
8382,0
8383,1000
8390,1000
8391,0
8410,0
8416,0
8417,0
8420,1000
8421,1000
8431,1000
8438,0
8439,0
8440,2000
8441,0
8443,1000
8446,0
8447,2000
8474,2000
8475,2000
8476,2000
8477,2000
8490,0
8491,2000
8495,0
8505,1000
8512,1000
8513,0
8516,1000
8517,0
8518,0
8519,1000
8531,1000
8540,1000
8541,1000
8544,0
8545,1000
8547,0
8552,0
8553,1000
8556,0
8557,2000
8563,0
8568,2000
8569,0
8576,0
8577,0
8578,0
8579,0
8584,0
8585,0
8588,1000
8589,2000
8607,1000
8608,1500
8609,2000
8610,2000
8611,2000
8612,1000
8613,0
8616,1500
8618,1000
8619,1000
8628,2000
8629,2000
8635,0
8657,0
8666,0
8667,0
8668,2000
8672,0
8673,0
8674,2000
8675,1000
8681,2000
8694,0
8695,1000
8700,0
8701,2000
8711,1500
8718,2000
8719,0
8720,0
8721,2000
8724,0
8733,0
8734,2000
8752,0
8753,2000
8758,0
8759,0
8762,0
8763,0
8764,1000
8765,0
8768,0
8769,0
8780,1000
8781,1000
8785,0
8788,1000
8789,0
8792,0
8793,1000
8802,0
8803,1000
8808,0
8809,1000
8814,2000
8815,1000
8818,0
8819,0
8820,0
8822,0
8823,1000
8827,0
8832,2000
8833,1500
8834,2000
8835,1000
8846,2000
8847,0
8860,0
8861,0
8864,0
8865,0
8868,2000
8869,0
8870,1000
8872,2000
8873,0
8875,0
8880,0
8881,0
8883,0
8886,1000
8887,1000
8890,1000
8891,0
8898,1000
8899,0
8906,0
8907,1000
8929,1500
8930,1000
8931,1500
8947,1000
8948,0
8949,0
8952,1000
8953,0
8960,2000
8961,2000
8972,1000
8974,1000
8976,1500
8977,2000
8980,0
8988,0
8992,1500
8993,1000
8994,1000
8995,1000
8996,1500
8997,2000
8999,1000
9000,1000
9001,0
9005,1000
9010,0
9013,1500
9016,2000
9028,0
9029,0
9032,1500
9033,0
9034,1000
9035,0
9038,1500
9044,1000
9045,0
9048,0
9049,2000
9050,0
9051,0
9062,0
9063,1000
9065,1000
9068,0
9072,0
9073,1000
9075,2000
9082,0
9083,0
9098,1500
9099,1000
9103,0
9115,1000
9116,1000
9117,1000
9118,2000
9119,2000
9120,1000
9121,0
9122,2000
9123,0
9126,0
9127,0
9134,0
9135,2000
9142,0
9151,0
9158,0
9159,0
9174,0
9178,0
9179,1500
9184,0
9185,0
9187,1000
9188,2000
9189,0
9196,0
9197,2000
9198,1500
9199,1000
9200,0
9201,0
9206,0
9207,0
9214,0
9215,2000
9220,1000
9221,0
9230,1000
9231,0
9234,0
9235,1500
9238,1500
9239,0
9252,2000
9253,0
9274,2000
9275,2000
9280,2000
9290,2000
9298,1000
9299,0
9304,0
9314,0
9315,0
9316,1000
9320,1000
9321,0
9322,1000
9323,1000
9327,0
9328,2000
9329,2000
9332,0
9333,0
9338,0
9339,2000
9348,0
9350,1000
9351,0
9353,2000
9362,0
9363,1000
9368,0
9369,1500
9376,1000
9377,0
9378,0
9379,2000
9386,0
9387,0
9388,0
9389,1000
9397,1500
9398,1500
9399,0
9410,1000
9411,2000
9418,0
9419,0
9426,1000
9427,0
9428,2000
9429,0
9436,1000
9437,2000
9444,2000
9445,0
9450,0
9451,0
9464,0
9465,2000
9468,2000
9469,0
9475,0
9486,0
9487,2000
9499,2000
9502,0
9503,0
9506,1000
9507,2000
9508,1500
9509,1000
9521,1500
9526,0
9532,0
9533,1500
9538,0
9539,1000
9543,1000
9552,0
9553,0
9556,0
9557,0
9574,1000
9575,0
9584,2000
9585,0
9586,2000
9587,1000
9588,0
9589,0
9590,0
9591,0
9592,1500
9593,0
9604,1000
9622,0
9623,1000
9624,1000
9625,1000
9638,1000
9639,0
9642,1000
9643,1000
9644,1000
9668,0
9669,0
9674,0
9675,1000
9680,0
9686,0
9692,0
9693,0
9698,1000
9699,1000
9711,0
9712,2000
9713,0
9715,1000
9720,0
9721,0
9736,0
9737,0
9742,2000
9746,1000
9747,1000
9762,1500
9763,1000
9766,0
9767,0
9770,0
9771,1000
9776,1000
9777,0
9778,0
9781,0
9784,1500
9785,0
9786,0
9787,0
9794,1000
9795,0
9804,0
9805,1000
9806,1000
9807,0
9820,0
9822,0
9823,0
9830,1000
9831,1000
9838,2000
9839,1000
9844,2000
9845,0
9848,1000
9849,2000
9862,0
9863,1000
9871,0
9872,1500
9873,0
9875,2000
9878,0
9879,0
9880,0
9881,0
9884,1000
9885,0
9886,0
9888,2000
9889,0
9890,1000
9891,0
9895,1000
9901,1000
9910,0
9911,1000
9912,0
9913,1000
9916,2000
9917,0
9918,1000
9919,1000
9926,0
9927,1500
9928,2000
9929,0
9932,1500
9933,0
9934,0
9935,0
9936,0
9937,0
9938,1000
9939,0
9940,1000
9941,0
9943,1500
9944,1000
9945,0
9952,2000
9953,1000
9958,0
9959,1500
9966,0
9967,0
9968,0
9969,0
9976,2000
9977,0
9983,1000
9985,0
9991,0
9992,1000
9993,2000
9994,0
9995,2000
10001,0
10002,0
10003,0
10011,1000
10020,0
10021,1000
10032,1000
10033,0
10040,2000
10041,0
10044,0
10052,0
10053,0
10072,2000
10073,0
10074,1000
10075,0
10078,0
10079,0
10082,1000
10083,0
10098,2000
10099,0
10104,0
10105,0
10108,0
10109,0
10111,2000
10119,0
10120,0
10121,0
10122,1000
10123,0
10132,2000
10133,0
10138,2000
10139,1000
10140,0
10141,0
10148,1000
10149,0
10156,1000
10157,0
10158,0
10159,0
10162,1000
10163,0
10164,0
10165,2000
10168,0
10178,0
10179,0
10180,0
10181,0
10186,1000
10187,1500
10188,0
10189,1000
10194,0
10195,1000
10196,0
10197,1000
10198,1000
10199,0
10209,0
10210,1000
10211,0
10218,2000
10219,0
10227,1000
10236,0
10237,1500
10240,0
10241,1000
10242,0
10243,0
10246,0
10247,0
10248,0
10249,0
10252,0
10253,0
10256,0
10257,1000
10260,2000
10261,0
10262,0
10263,0
10272,0
10275,1000
10288,0
10289,0
10291,1000
10294,0
10295,1000
10297,1000
10304,0
10305,2000
10332,1000
10333,0
10334,1000
10335,0
10340,1000
10341,1000
10344,0
10345,0
10346,0
10347,0
10350,0
10351,0
10352,0
10353,1500
10358,0
10366,0
10376,2000
10377,0
10378,0
10379,1000
10381,0
10384,2000
10385,0
10388,0
10389,1000
10390,1000
10391,0
10392,0
10393,0
10394,2000
10395,1000
10404,0
10405,0
10406,1000
10408,0
10409,0
10410,1000
10411,0
10416,1000
10417,1000
10424,0
10425,0
10426,0
10427,0
10438,2000
10439,1000
10458,1000
10459,0
10465,1000
10471,0
10482,0
10483,0
10486,1000
10487,1000
10498,2000
10499,0
10506,0
10509,2000
10518,2000
10519,0
10534,1000
10535,2000
10552,0
10553,1000
10555,0
10556,2000
10566,0
10567,1000
10569,2000
10570,0
10571,0
10572,2000
10573,1500
10578,0
10579,0
10580,2000
10581,1000
10582,0
10583,0
10584,1000
10585,0
10588,0
10589,0
10590,2000
10591,0
10608,0
10609,0
10632,2000
10633,0
10635,1000
10652,1000
10653,1000
10654,0
10655,0
10656,1000
10657,1000
10666,1500
10667,1000
10668,0
10669,1000
10672,2000
10674,2000
10692,1000
10693,0
10698,2000
10699,2000
10702,1000
10703,0
10705,0
10711,2000
10712,0
10713,0
10724,0
10725,0
10730,0
10731,2000
10734,0
10735,0
10738,1000
10739,0
10742,1000
10743,0
10747,2000
10748,0
10749,0
10752,0
10754,2000
10755,2000
10756,0
10760,1000
10761,2000
10766,1000
10767,1000
10784,0
10789,0
10794,0
10798,0
10799,1000
10800,0
10801,0
10814,2000
10815,2000
10836,2000
10837,0
10838,0
10846,2000
10847,2000
10856,1000
10871,1000
10872,0
10873,2000
10876,1500
10877,1500
10884,1000
10900,0
10901,0
10908,0
10909,0
10912,0
10913,0
10918,1000
10919,0
10920,2000
10921,1000
10922,1500
10930,2000
10931,0
10932,1000
10933,0
10934,1000
10935,1000
10944,0
10946,0
10947,1000
10961,1000
10970,0
10971,0
10974,0
10975,2000
10979,2000
10980,0
10981,0
10986,2000
10987,1000
10995,0
11002,0
11003,0
11008,0
11009,0
11012,2000
11013,1000
11016,0
11019,1000
11022,2000
11023,0
11030,0
11031,1000
11044,1000
11045,2000
11052,1000
11053,1000
11054,0
11065,1500
11066,0
11067,0
11071,0
11074,2000
11075,1000
11077,0
11085,0
11086,0
11087,1500
11092,0
11093,1500
11094,1000
11095,1000
11100,0
11102,0
11105,2000
11118,2000
11119,1000
11122,2000
11123,1000
11130,1000
11134,0
11135,0
11139,0
11162,0
11186,1000
11187,1000
11188,1000
11189,1500
11196,1000
11197,0
11204,2000
11208,2000
11209,1000
11212,1000
11213,1000
11218,2000
11219,0
11222,1000
11223,0
11224,0
11225,1500
11226,1000
11227,1000
11231,0
11233,1000
11236,1500
11237,1000
11241,0
11250,1000
11251,0
11262,1000
11263,0
11266,0
11267,0
11268,0
11269,0
11272,1000
11273,0
11276,1500
11277,0
11298,1000
11308,0
11315,0
11320,2000
11321,0
11324,0
11325,2000
11328,2000
11329,2000
11330,1000
11335,2000
11348,0
11349,1000
11356,1500
11357,0
11358,1000
11359,0
11360,0
11362,0
11363,0
11367,0
11368,2000
11369,0
11382,1000
11390,0
11391,0
11394,0
11395,2000
11396,1000
11397,0
11402,0
11403,2000
11404,0
11405,2000
11414,1000
11415,0
11417,1000
11423,0
11430,0
11432,0
11433,1000
11434,0
11435,0
11437,0
11438,1500
11439,0
11440,0
11441,1000
11443,1000
11452,2000
11453,2000
11460,1000
11461,2000
11464,2000
11471,1500
11472,0
11473,2000
11480,0
11481,1500
11486,0
11487,0
11488,1000
11489,0
11490,0
11491,2000
11494,1000
11495,2000
11502,0
11503,0
11510,0
11511,1000
11517,0
11522,0
11523,1000
11528,0
11529,0
11534,0
11535,0
11536,0
11537,1000
11543,1500
11544,1000
11545,0
11548,2000
11549,1500
11556,2000
11557,0
11558,0
11559,0
11571,1000
11586,0
11593,0
11594,2000
11595,0
11599,1000
11603,0
11604,0
11605,0
11614,1000
11615,1000
11625,0
11626,0
11627,1000
11630,0
11631,2000
11632,1000
11633,1000
11650,0
11651,0
11653,2000
11654,2000
11655,1500
11656,0
11657,0
11658,0
11659,2000
11664,0
11666,0
11667,2000
11670,0
11671,2000
11674,2000
11675,1000
11680,0
11681,0
11688,0
11689,0
11692,0
11693,0
11704,1000
11705,0
11712,2000
11713,1000
11714,0
11715,0
11730,0
11731,0
11732,0
11733,0
11734,2000
11735,0
11739,0
11740,0
11741,1000
11748,1500
11749,0
11750,2000
11751,1000
11754,0
11755,2000
11758,1500
11759,1000
11765,1000
11772,1000
11773,1500
11774,0
11776,0
11777,1000
11790,0
11791,0
11792,1000
11798,0
11799,0
11806,2000
11810,0
11811,2000
11814,2000
11820,0
11821,0
11826,0
11827,2000
11829,1500
11830,2000
11834,1000
11835,2000
11844,1000
11845,0
11860,2000
11861,2000
11868,1000
11869,0
11884,0
11894,0
11895,1500
11896,2000
11902,0
11903,2000
11904,0
11905,0
11926,0
11927,0
11934,1500
11935,0
11940,0
11941,2000
11942,2000
11943,0
11946,0
11947,2000
11948,0
11949,2000
11950,0
11951,0
11952,2000
11960,1500
11961,0
11966,0
11968,1000
11969,1000
11976,1000
11977,1000
11985,0
11986,0
11987,0
11990,0
11991,0
12002,1500
12003,1000
12004,0
12005,1000
12007,0
12008,0
12009,0
12014,1500
12015,0
12016,2000
12017,0
12018,1500
12019,0
12022,0
12023,0
12024,2000
12038,2000
12039,2000
12040,0
12041,2000
12042,1000
12043,2000
12054,2000
12059,2000
12074,1000
12075,0
12078,1000
12079,1500
12082,1000
12083,0
12086,2000
12104,2000
12105,0
12112,1000
12113,0
12114,1000
12115,1000
12122,0
12123,1000
12124,0
12125,0
12128,0
12129,0
12130,0
12131,1500
12140,1500
12141,1000
12145,1000
12146,0
12147,0
12153,2000
12156,0
12157,0
12158,2000
12159,1500
12168,1000
12169,1000
12177,0
12178,0
12182,0
12183,0
12192,0
12193,0
12204,0
12205,0
12215,1000
12216,1500
12232,0
12233,1000
12236,2000
12237,1000
12238,0
12239,0
12240,2000
12241,1000
12242,2000
12243,0
12244,0
12245,0
12246,2000
12247,1000
12250,0
12251,0
12252,0
12253,1000
12256,0
12262,1000
12263,1000
12266,1500
12268,0
12269,2000
12273,0
12278,1500
12279,0
12294,2000
12299,1000
12310,2000
12311,2000
12314,0
12324,0
12325,0
12331,0
12332,0
12344,0
12345,0
12360,1000
12370,1000
12371,0
12374,1500
12375,2000
12376,0
12377,1000
12380,2000
12381,0
12382,1000
12383,0
12396,0
12397,2000
12398,0
12399,0
12402,1500
12403,2000
12408,0
12409,1000
12418,2000
12419,1000
12430,0
12431,2000
12436,0
12437,0
12438,0
12440,1000
12441,2000
12444,0
12445,0
12469,2000
12478,0
12479,0
12492,1000
12493,2000
12494,1000
12495,2000
12500,2000
12501,2000
12508,2000
12512,2000
12518,2000
12519,1000
12524,1500
12525,0
12530,0
12534,0
12546,1500
12547,0
12548,0
12549,1000
12563,1500
12575,1500
12588,0
12589,0
12592,1000
12593,1500
12611,0
12612,0
12619,1000
12628,1000
12629,1500
12635,1000
12636,1000
12637,0
12640,0
12641,2000
12650,0
12652,0
12653,0
12662,2000
12663,1500
12670,0
12673,0
12684,0
12695,0
12700,0
12701,0
12706,0
12714,0
12715,0
12718,1000
12719,2000
12728,1000
12729,2000
12730,1000
12731,0
12732,0
12733,0
12740,2000
12741,0
12746,1000
12747,1000
12752,1500
12753,1000
12766,0
12767,1000
12772,0
12773,1000
12774,1000
12775,2000
12782,0
12783,0
12792,1000
12793,1000
12798,1000
12799,1000
12802,0
12803,0
12811,0
12816,0
12817,2000
12826,1000
12827,0
12842,2000
12843,2000
12852,2000
12853,0
12854,0
12855,1000
12858,0
12862,1000
12863,2000
12864,1000
12866,0
12868,2000
12869,2000
12880,1500
12881,0
12886,0
12887,1000
12900,0
12901,1000
12904,1000
12905,0
12912,0
12913,1000
12918,0
12919,2000
12923,0
12924,1000
12932,1000
12933,0
12934,0
12935,0
12951,1000
12959,0
12976,0
12980,0
12981,0
12988,0
12989,0
12998,1000
13002,0
13014,1000
13026,2000
13027,0
13030,0
13031,1000
13032,0
13033,1000
13036,2000
13037,1000
13040,2000
13041,1000
13042,2000
13043,1000
13050,0
13051,1000
13063,0
13086,0
13087,2000
13088,1000
13089,0
13092,0
13093,0
13096,0
13100,0
13101,1000
13102,0
13103,0
13106,1500
13107,0
13110,2000
13111,0
13132,0
13133,0
13135,1000
13138,0
13139,0
13140,1500
13141,0
13144,0
13145,1000
13156,1000
13157,0
13160,0
13161,2000
13162,1000
13163,0
13164,0
13165,0
13168,0
13169,0
13170,0
13174,0
13175,0
13176,0
13177,1000
13182,2000
13183,1000
13190,1000
13191,0
13192,1000
13193,2000
13194,0
13195,0
13200,0
13206,1000
13207,0
13208,0
13209,1000
13218,0
13219,0
13222,1000
13223,2000
13224,1500
13225,1000
13251,1000
13254,0
13255,0
13256,0
13257,0
13282,1000
13283,0
13284,0
13285,1000
13286,0
13287,1000
13296,1000
13297,2000
13298,1000
13299,0
13306,1000
13307,0
13312,2000
13313,1000
13319,2000
13322,0
13323,0
13334,0
13335,2000
13336,2000
13337,1500
13338,0
13344,0
13345,2000
13350,2000
13351,1000
13356,0
13357,0
13360,0
13362,2000
13363,0
13364,1000
13365,1000
13366,1000
13367,0
13382,2000
13383,0
13388,1000
13389,0
13392,2000
13402,0
13406,0
13408,0
13409,0
13418,1000
13419,0
13420,1000
13421,0
13430,0
13431,1500
13440,1000
13441,0
13449,1000
13452,1000
13453,2000
13455,0
13460,2000
13461,0
13478,0
13479,0
13480,0
13481,1000
13491,1000
13496,1000
13497,1000
13514,1000
13515,0
13516,2000
13517,2000
13545,0
13547,0
13548,1000
13552,0
13553,0
13558,1000
13559,0
13565,1000
13566,0
13574,0
13575,0
13578,1000
13579,0
13580,1000
13581,1500
13582,1000
13583,2000
13584,1000
13585,2000
13586,1500
13587,0
13593,1000
13600,0
13601,0
13608,2000
13609,0
13611,0
13612,1000
13613,0
13620,1000
13621,1000
13622,0
13623,1000
13626,2000
13628,0
13629,1500
13644,0
13645,2000
13660,0
13661,0
13666,2000
13667,1500
13670,0
13671,1000
13676,1000
13682,0
13684,2000
13685,1500
13695,1000
13702,0
13703,1000
13704,0
13706,2000
13707,1500
13709,0
13712,1500
13716,0
13717,0
13722,1000
13723,0
13732,0
13733,0
13748,1000
13749,1000
13750,0
13751,0
13758,0
13759,2000
13760,2000
13761,1500
13766,1000
13774,0
13776,0
13777,0
13786,0
13787,2000
13788,1000
13789,0
13796,0
13797,1000
13810,1500
13811,2000
13824,0
13825,2000
13827,0
13828,1000
13829,0
13834,2000
13835,0
13836,2000
13837,0
13844,0
13846,2000
13847,2000
13854,0
13855,0
13868,1000
13869,2000
13873,2000
13890,0
13891,0
13894,0
13895,2000
13896,0
13897,0
13898,0
13899,0
13900,1000
13901,0
13910,2000
13911,2000
13920,2000
13921,1000
13924,0
13925,1000
13928,0
13929,0
13934,1000
13935,0
13942,2000
13948,1000
13949,0
13950,0
13951,1500
13952,1000
13953,1000
13960,0
13961,2000
13966,0
13967,1000
13976,1000
13982,1000
13983,0
13984,1000
13985,2000
13986,0
13987,1000
14006,0
14007,0
14016,0
14025,2000
14036,1000
14037,2000
14040,2000
14041,0
14042,0
14043,0
14044,0
14045,0
14046,0
14047,0
14050,0
14051,0
14061,1500
14064,2000
14065,2000
14073,1000
14074,0
14075,0
14076,0
14085,0
14086,0
14087,0
14088,1000
14089,0
14090,0
14091,1000
14092,2000
14093,1500
14096,0
14097,0
14104,0
14105,0
14120,0
14121,0
14124,1000
14125,1000
14128,1000
14129,2000
14136,0
14137,1500
14138,1000
14139,0
14146,2000
14147,1000
14150,0
14151,1000
14152,0
14153,2000
14154,1000
14155,0
14157,1000
14158,2000
14159,1000
14160,0
14161,0
14164,0
14165,0
14166,0
14167,1000
14186,0
14187,0
14188,1500
14190,1000
14191,1000
14196,0
14197,1000
14198,2000
14199,1000
14214,0
14215,0
14217,1000
14220,1500
14221,0
14223,1000
14224,2000
14225,0
14230,0
14242,1000
14243,0
14246,0
14247,1000
14248,0
14250,0
14255,0
14258,1000
14259,1000
14260,0
14261,0
14264,0
14265,0
14266,0
14267,0
14274,0
14280,0
14281,0
14286,0
14287,0
14294,1000
14295,1000
14302,2000
14303,0
14312,0
14313,2000
14316,1000
14317,1000
14322,0
14328,0
14329,0
14330,1000
14331,0
14336,0
14344,0
14345,1000
14348,2000
14349,0
14352,0
14353,1000
14354,0
14355,1500
14364,0
14365,0
14368,0
14370,2000
14371,2000
14374,0
14375,0
14392,2000
14393,0
14396,0
14397,1000
14402,2000
14406,1000
14407,2000
14410,0
14411,0
14412,2000
14413,1500
14416,0
14417,1500
14424,0
14425,1000
14426,2000
14427,0
14432,0
14434,1000
14435,1500
14438,1500
14439,1000
14450,1000
14451,0
14458,0
14459,0
14472,0
14473,2000
14476,0
14482,0
14483,0
14490,0
14491,0
14504,0
14505,0
14515,1000
14530,0
14531,1000
14544,2000
14545,0
14546,0
14547,2000
14562,0
14563,2000
14568,0
14569,0
14570,1500
14571,0
14578,1000
14579,1000
14580,0
14581,1000
14586,2000
14587,0
14592,2000
14598,0
14599,1000
14600,1500
14601,0
14604,0
14605,0
14616,0
14617,1500
14625,0
14628,1500
14636,2000
14637,2000
14661,2000
14668,2000
14669,0
14680,0
14681,0
14698,1000
14706,2000
14707,2000
14708,2000
14709,1500
14718,0
14719,2000
14730,2000
14731,1000
14732,1000
14733,1000
14738,0
14739,1500
14741,0
14742,2000
14743,2000
14746,0
14747,0
14752,1000
14753,0
14754,0
14755,0
14764,0
14765,0
14774,1000
14775,0
14784,1000
14786,0
14787,0
14788,1500
14789,0
14805,0
14813,0
14818,2000
14820,1000
14821,0
14839,0
14850,0
14851,0
14856,1500
14857,1000
14858,2000
14859,2000
14878,0
14879,1000
14880,0
14881,1500
14886,1000
14887,2000
14896,2000
14897,0
14898,1500
14899,1500
14900,1000
14901,2000
14906,1500
14907,1000
14910,1000
14911,0
14914,0
14928,0
14929,0
14934,1500
14935,0
14938,0
14944,1500
14945,0
14948,0
14970,0
14971,0
14972,2000
14973,2000
14978,0
14981,0
15002,0
15024,1000
15025,1000
15026,1000
15027,0
15030,1000
15031,0
15032,1000
15033,1500
15034,1000
15035,2000
15046,1000
15047,1000
15048,0
15049,1000
15052,0
15053,0
15056,2000
15057,0
15070,0
15071,0
15074,2000
15075,0
15077,0
15083,1000
15084,0
15086,0
15087,1000
15096,2000
15097,2000
15103,0
15107,1000
15116,0
15117,0
15118,1000
15119,0
15124,2000
15125,0
15126,0
15129,0
15135,2000
15136,1000
15137,0
15140,2000
15141,0
15142,1500
15154,1000
15166,2000
15167,0
15170,0
15171,1000
15176,0
15177,0
15178,2000
15179,0
15180,0
15181,1000
15182,0
15183,0
15188,2000
15189,1000
15196,1000
15197,0
15238,1000
15239,2000
15250,2000
15251,0
15256,0
15257,0
15262,2000
15266,0
15267,0
15268,0
15269,0
15270,0
15271,1000
15283,0
15285,2000
15302,2000
15303,0
15304,0
15305,0
15340,0
15349,0
15359,0
15362,1000
15363,0
15364,2000
15365,0
15366,0
15367,1000
15368,0
15369,2000
15370,0
15374,0
15375,0
15384,0
15390,1000
15391,1000
15402,1000
15403,0
15404,1000
15405,0
15452,1000
15453,1000
15470,1500
15471,0
15472,0
15473,2000
15475,1000
15482,0
15483,0
15486,0
15487,0
15491,0
15496,0
15497,2000
15500,0
15501,0
15504,0
15505,0
15506,2000
15507,1000
15519,0
15520,1500
15521,1000
15524,1000
15528,2000
15529,0
15530,0
15531,0
15542,1000
15548,1000
15550,2000
15551,0
15555,0
15558,1000
15559,0
15564,0
15567,0
15570,0
15571,0
15578,0
15579,0
15582,0
15583,2000
15586,0
15587,0
15592,0
15593,0
15603,1000
15616,2000
15617,0
15624,0
15636,1000
15637,0
15644,1000
15645,1000
15650,1000
15651,0
15652,1000
15657,0
15658,0
15659,0
15662,1000
15663,2000
15664,1000
15665,0
15667,1000
15668,1000
15669,2000
15670,0
15671,2000
15684,0
15685,0
15688,0
15689,0
15696,0
15702,1000
15714,0
15715,1000
15718,0
15719,0
15730,1000
15731,0
15734,1000
15735,0
15738,1000
15739,0
15740,1000
15748,1000
15749,0
15750,1000
15762,0
15763,2000
15768,2000
15769,0
15776,0
15777,1000
15781,0
15782,2000
15783,0
15787,0
15792,2000
15793,1000
15797,1000
15798,2000
15799,1500
15800,1000
15801,2000
15805,0
15806,0
15807,0
15810,0
15814,0
15815,0
15816,1500
15817,0
15818,0
15824,1000
15825,2000
15828,1000
15829,0
15830,0
15831,0
15834,0
15838,0
15842,0
15843,0
15844,1000
15866,2000
15867,2000
15868,1000
15870,0
15871,0
15872,0
15873,0
15874,2000
15876,0
15877,0
15881,1500
15884,2000
15889,1000
15896,1000
15897,0
15906,0
15907,0
15908,0
15909,0
15910,2000
15919,2000
15922,1000
15923,0
15924,1000
15925,0
15942,0
15944,0
15945,1000
15960,2000
15966,0
15967,0
15972,0
15973,0
15976,1000
15977,0
15978,0
15979,1000
15983,2000
15984,1000
15986,1000
15987,0
15989,2000
15990,2000
15991,0
15993,0
15998,1000
15999,2000
16000,0
16001,0
16012,1000
16013,0
16014,2000
16015,0
16016,1000
16018,0
16019,1000
16026,2000
16027,1000
16028,0
16029,0
16034,1000
16035,1000
16036,0
16037,0
16047,0
16048,0
16049,2000
16050,0
16051,0
16054,1000
16076,0
16078,0
16084,1000
16092,0
16093,2000
16096,2000
16097,1000
16100,1000
16101,1000
16102,0
16103,0
16106,0
16107,0
16108,0
16109,2000
16112,1000
16113,0
16114,1000
16115,0
16116,0
16117,0
16118,0
16119,1000
16120,0
16122,2000
16123,0
16139,1000
16144,1000
16145,1000
16146,1500
16147,0
16158,0
16159,1500
16160,1500
16161,0
16165,0
16178,0
16179,1000
16180,2000
16181,1000
16182,0
16183,0
16184,1500
16185,0
16196,1000
16197,0
16210,0
16211,2000
16220,0
16221,1000
16223,0
16232,0
16233,0
16234,0
16235,0
16240,2000
16241,1500
16244,2000
16245,1000
16264,0
16265,2000
16271,1000
16288,0
16289,2000
16298,1000
16299,0
16306,0
16307,1000
16309,1000
16310,1000
16311,1000
16312,0
16313,2000
16316,1000
16317,1000
16328,0
16332,1000
16333,1000
16335,0
16336,0
16337,0
16340,0
16341,1000
16346,0
16347,0
16348,0
16349,0
16356,0
16357,0
16370,1500
16371,2000
16374,2000
16375,1000
16380,0
16381,0
16386,0
16388,0
16389,0
16399,0
16400,0
16404,1000
16405,1000
16406,0
16407,1000
16412,2000
16413,0
16417,2000
16427,1500
16430,1500
16434,1500
16435,1000
16437,2000
16438,0
16439,0
16444,0
16445,2000
16452,1000
16453,1500
16454,2000
16455,1500
16456,1500
16457,0
16458,1000
16459,1000
16460,1000
16461,0
16464,1000
16465,0
16478,0
16479,0
16482,0
16483,0
16487,0
16498,0
16499,2000
16506,1500
16507,2000
16510,2000
16511,0
16514,0
16516,0
16517,2000
16518,0
16519,0
16520,2000
16521,0
16522,0
16523,1000
16524,0
16525,0
16532,0
16538,0
16542,1000
16543,1000
16546,2000
16554,0
16555,0
16562,0
16563,0
16570,1000
16571,2000
16576,2000
16577,1000
16578,1000
16579,2000
16588,0
16589,0
16590,0
16591,2000
16593,1000
16599,0
16600,0
16601,0
16607,0
16610,2000
16611,0
16616,0
16617,0
16624,2000
16626,0
16632,2000
16633,1000
16638,1000
16639,2000
16640,0
16641,0
16646,0
16647,0
16654,2000
16655,1000
16662,2000
16663,0
16670,1000
16671,2000
16678,1000
16684,0
16690,0
16691,0
16694,2000
16695,1500
16697,0
16707,0
16716,0
16722,1000
16723,0
16728,1500
16729,0
16744,0
16745,2000
16752,1000
16753,0
16758,0
16759,0
16761,0
16771,0
16776,1500
16777,0
16786,0
16788,1000
16789,1000
16790,0
16791,2000
16793,1500
16794,0
16795,2000
16798,1000
16799,1500
16806,0
16807,0
16812,0
16813,2000
16814,2000
16815,1000
16820,0
16821,0
16830,1000
16831,1000
16832,0
16833,2000
16842,0
16843,2000
16854,0
16855,0
16856,0
16857,1500
16869,2000
16881,2000
16888,0
16889,0
16896,0
16897,0
16900,0
16901,0
16904,0
16905,0
16912,0
16913,1000
16919,2000
16930,0
16931,0
16932,2000
16933,1000
16934,0
16935,0
16936,1000
16937,0
16938,0
16945,2000
16946,1000
16947,1000
16950,0
16951,0
16960,0
16961,2000
16966,0
16968,0
16969,2000
16982,0
16983,1000
16984,0
16985,2000
16986,1000
16987,2000
16990,2000
17003,0
17004,0
17014,2000
17015,1000
17016,1000
17017,0
17019,0
17030,0
17031,2000
17032,1000
17033,0
17040,2000
17041,2000
17051,1000
17052,0
17053,1000
17054,0
17058,0
17059,0
17060,0
17061,2000
17068,0
17069,0
17072,2000
17073,0
17074,0
17076,2000
17077,0
17078,1000
17090,0
17094,2000
17095,1000
17098,0
17099,1000
17101,0
17105,0
17114,0
17115,2000
17118,0
17119,0
17120,0
17121,0
17127,0
17142,0
17143,0
17154,1000
17155,0
17160,0
17161,0
17162,1000
17166,1000
17170,1000
17171,1000
17174,2000
17175,1000
17182,1000
17183,0
17189,0
17200,0
17201,0
17202,0
17203,0
17218,0
17219,2000
17224,1000
17225,0
17230,2000
17231,2000
17232,2000
17243,0
17246,2000
17247,2000
17254,0
17255,0
17256,0
17257,2000
17266,1000
17267,1000
17276,1000
17277,1000
17288,0
17289,0
17292,1500
17296,0
17297,2000
17302,0
17303,0
17304,1000
17305,0
17306,1500
17307,0
17310,2000
17311,0
17322,1500
17323,2000
17324,0
17325,0
17337,0
17342,2000
17343,1000
17344,1000
17345,2000
17346,2000
17350,0
17356,1000
17357,2000
17358,1000
17359,0
17362,1000
17364,0
17365,1000
17368,1500
17369,2000
17370,0
17371,0
17372,1000
17373,0
17374,0
17384,0
17386,0
17387,1000
17400,0
17401,1500
17406,0
17407,1000
17418,0
17438,0
17439,2000
17440,2000
17454,0
17455,2000
17462,1500
17463,1000
17467,0
17476,0
17477,0
17479,0
17490,2000
17504,2000
17505,0
17508,0
17509,1000
17514,2000
17515,0
17516,2000
17538,0
17539,0
17558,0
17559,1000
17562,0
17563,0
17564,1000
17565,2000
17576,1000
17577,1500
17582,0
17585,2000
17588,2000
17589,2000
17596,2000
17597,1000
17600,1000
17601,2000
17610,1000
17611,0
17622,0
17623,1000
17626,0
17627,1000
17628,0
17629,1500
17648,2000
17649,0
17654,1500
17655,0
17660,1000
17661,0
17662,0
17663,1000
17666,0
17667,0
17672,0
17673,2000
17674,1000
17675,0
17678,1000
17679,2000
17690,2000
17691,0
17698,0
17699,1500
17702,0
17703,0
17706,1000
17707,0
17709,1500
17711,0
17718,1000
17719,0
17720,2000
17721,0
17722,1000
17732,2000
17733,0
17746,0
17747,0
17748,0
17749,2000
17754,2000
17755,0
17764,2000
17765,0
17770,0
17780,0
17781,1000
17784,1000
17785,0
17786,1000
17787,1000
17796,1500
17797,2000
17803,0
17808,0
17809,0
17818,1000
17819,2000
17824,0
17825,1000
17826,0
17827,0
17832,1000
17833,0
17834,0
17835,2000
17838,1000
17841,0
17842,1000
17843,0
17846,0
17848,0
17849,0
17850,0
17851,0
17856,1000
17857,2000
17860,0
17861,0
17864,1000
17865,0
17868,1000
17869,2000
17871,0
17872,0
17873,0
17884,2000
17885,1500
17888,0
17889,1000
17894,2000
17895,1000
17898,1000
17899,1000
17904,0
17905,2000
17916,0
17917,1000
17918,1000
17919,0
17920,1500
17921,0
17924,0
17925,1000
17928,2000
17929,2000
17938,0
17939,0
17944,0
17964,0
17965,1000
17977,0
17986,0
17987,1000
17990,0
17991,2000
17994,0
17995,0
17996,0
18000,1000
18001,0
18008,0
18009,2000
18011,1000
18016,0
18017,2000
18018,1500
18019,0
18020,1000
18021,1000
18024,0
18025,0
18028,0
18029,1000
18036,2000
18037,0
18040,0
18041,0
18048,0
18049,1000
18052,2000
18053,0
18060,2000
18061,1000
18066,0
18072,1000
18073,1000
18074,0
18075,2000
18080,1000
18081,0
18084,0
18085,1000
18100,2000
18101,1000
18104,2000
18105,0
18110,0
18111,0
18122,1000
18123,0
18125,0
18134,1500
18135,2000
18140,1000
18142,1000
18143,2000
18144,2000
18145,2000
18160,1000
18161,0
18168,0
18169,1000
18175,0
18178,1000
18180,0
18184,0
18190,1000
18191,0
18193,2000
18196,0
18197,0
18208,2000
18209,1000
18210,0
18211,0
18218,1000
18219,2000
18223,0
18232,1000
18233,0
18234,0
18238,0
18239,1000
18242,1500
18247,1000
18248,0
18249,0
18252,0
18253,1000
18258,1000
18259,0
18263,2000
18264,0
18265,1000
18270,0
18271,0
18278,0
18279,1000
18294,2000
18295,0
18296,1000
18297,2000
18304,0
18305,0
18318,0
18319,0
18322,0
18323,1000
18328,1000
18329,0
18339,1000
18342,2000
18345,1000
18346,0
18347,2000
18348,2000
18349,0
18354,0
18355,0
18362,0
18363,0
18366,0
18370,0
18371,1000
18374,0
18375,0
18376,1000
18377,2000
18382,1000
18383,0
18390,1000
18391,1500
18392,2000
18396,0
18397,2000
18402,2000
18403,0
18408,1000
18409,0
18414,1000
18415,0
18416,1000
18417,0
18418,1000
18422,0
18423,0
18426,2000
18427,0
18428,1000
18429,1000
18434,0
18435,1000
18438,2000
18439,0
18440,1000
18441,1000
18452,0
18453,1000
18454,0
18455,2000
18483,0
18490,1000
18491,0
18494,1000
18495,1000
18498,2000
18499,0
18520,0
18522,0
18523,1000
18534,2000
18535,0
18542,1500
18543,0
18545,0
18546,1000
18547,1000
18552,2000
18553,0
18554,0
18555,1000
18561,0
18562,0
18563,1000
18568,1000
18569,2000
18576,0
18577,0
18578,0
18579,0
18589,0
18593,2000
18604,0
18605,1000
18608,1000
18609,0
18622,1000
18623,0
18625,0
18633,0
18642,1000
18643,0
18644,1000
18645,0
18648,0
18649,1000
18650,0
18651,1000
18658,1000
18659,2000
18668,0
18669,0
18670,0
18671,0
18674,0
18675,0
18684,1000
18685,1000
18692,0
18698,0
18699,0
18710,2000
18711,0
18712,2000
18713,2000
18734,1000
18735,0
18740,0
18741,0
18767,2000
18772,0
18773,0
18779,0
18784,2000
18785,2000
18786,0
18787,2000
18792,1000
18793,0
18810,0
18812,1000
18813,2000
18822,2000
18823,0
18824,1000
18825,0
18846,1000
18847,0
18850,1000
18851,1000
18852,2000
18854,1000
18855,1000
18862,0
18872,0
18890,0
18891,0
18908,1000
18909,1500
18910,0
18911,0
18912,0
18913,2000
18914,0
18918,0
18919,1000
18920,0
18921,1500
18922,0
18923,1000
18924,0
18925,2000
18926,0
18927,2000
18928,2000
18929,0
18938,1000
18939,0
18942,0
18943,0
18951,0
18956,0
18957,1000
18964,0
18965,0
18974,0
18975,0
18984,1500
18985,2000
18997,1000
19001,0
19008,0
19009,1000
19012,1000
19018,0
19019,1000
19022,0
19023,0
19026,0
19027,1500
19032,0
19033,0
19036,1000
19037,2000
19039,0
19040,0
19041,2000
19048,1000
19049,1000
19050,0
19051,1000
19052,0
19053,0
19060,0
19061,0
19064,0
19065,2000
19066,0
19067,2000
19070,1000
19071,1000
19074,1000
19076,2000
19077,2000
19084,0
19085,2000
19100,1500
19101,2000
19102,0
19103,2000
19104,0
19105,0
19108,1500
19109,1000
19116,1500
19117,1000
19124,1500
19125,1000
19139,0
19142,0
19143,0
19154,0
19155,1000
19166,1500
19167,0
19184,0
19185,0
19188,2000
19192,0
19193,0
19207,1000
19208,2000
19209,1000
19211,0
19216,0
19217,0
19222,0
19226,1000
19227,0
19244,0
19245,2000
19254,0
19255,1000
19256,2000
19257,1000
19268,0
19269,0
19271,0
19278,0
19279,1000
19280,0
19281,0
19284,0
19285,0
19286,1000
19287,0
19302,0
19303,0
19304,0
19305,1000
19320,1000
19321,1000
19324,0
19330,0
19331,1000
19332,1000
19333,1000
19344,1000
19345,2000
19350,0
19351,0
19352,2000
19353,1500
19357,0
19358,1000
19359,0
19364,1500
19365,0
19370,2000
19371,0
19378,2000
19379,0
19418,2000
19420,1000
19421,0
19422,0
19426,1500
19427,2000
19429,0
19436,2000
19437,1000
19445,1000
19446,2000
19447,1000
19449,0
19450,0
19451,1000
19454,1000
19459,0
19468,1000
19469,1000
19470,0
19471,1500
19476,0
19477,0
19481,0
19492,1000
19493,0
19504,0
19505,1000
19514,1000
19515,1000
19518,0
19519,1000
19526,2000
19527,0
19528,1000
19529,1000
19536,0
19537,1000
19542,2000
19543,0
19554,0
19555,0
19556,0
19557,0
19576,1500
19577,0
19578,2000
19579,0
19580,0
19581,2000
19594,0
19604,0
19605,0
19610,0
19611,0
19613,0
19614,2000
19615,1000
19622,0
19623,0
19635,2000
19639,1000
19662,0
19663,1000
19664,0
19665,0
19666,1500
19667,0
19685,0
19686,0
19687,1000
19720,1500
19726,0
19727,0
19732,0
19733,1000
19734,0
19735,0
19746,1000
19747,0
19754,1000
19755,2000
19756,2000
19757,1000
19774,0
19775,0
19777,0
19782,0
19783,2000
19792,0
19793,0
19811,1500
19814,0
19815,1500
19817,0
19820,0
19821,2000
19824,0
19825,0
19829,2000
19858,0
19872,1500
19873,0
19876,2000
19877,1000
19880,0
19881,0
19882,1000
19883,0
19884,0
19885,2000
19890,0
19891,0
19896,1000
19900,2000
19901,1000
19912,0
19913,2000
19920,0
19921,0
19922,0
19923,0
19928,0
19929,1000
19938,0
19942,1000
19943,0
19956,1000
19957,1000
19958,1000
19959,2000
19964,2000
19965,0
19972,1000
19973,1000
19984,0
19985,2000
19996,0
19998,1000
20000,1000
20001,0
20002,1000
20003,0
20005,0
20006,0
20007,1000
20012,1000
20016,1000
20017,0
20028,0
20048,0
20049,0
20050,1000
20051,0
20055,0
20056,1000
20057,0
20058,1000
20059,0
20066,0
20067,1000
20071,0
20076,1000
20077,0
20090,2000
20091,1500
20099,1000
20106,0
20107,0
20110,0
20111,2000
20114,0
20122,1000
20142,0
20158,2000
20159,2000
20160,1000
20167,1000
20169,0
20170,0
20171,1000
20188,0
20189,1000
20190,0
20191,1000
20192,0
20196,0
20197,0
20203,0
20218,2000
20219,0
20220,1000
20242,1000
20243,1000
20250,1000
20251,1500
20254,2000
20272,0
20273,0
20276,0
20277,0
20280,0
20281,0
20284,1500
20285,0
20294,0
20295,0
20296,0
20297,0
20303,1000
20304,0
20305,1000
20306,1500
20310,2000
20318,1000
20324,0
20325,0
20326,0
20331,0
20343,0
20352,0
20353,1500
20359,2000
20372,1500
20373,2000
20374,0
20382,0
20383,0
20398,0
20399,1000
20408,1000
20409,0
20412,0
20413,1000
20420,1000
20421,0
20430,1000
20431,2000
20436,0
20437,0
20438,0
20439,0
20446,1000
20447,0
20448,1000
20449,1500
20452,0
20453,2000
20458,0
20459,0
20460,1000
20479,0
20484,2000
20485,0
20496,1000
20502,1000
20503,1000
20508,0
20509,0
20510,1000
20511,1000
20512,2000
20513,2000
20520,2000
20521,2000
20526,1000
20527,0
20534,1500
20535,2000
20548,0
20549,0
20557,0
20574,1000
20584,1000
20585,2000
20586,2000
20587,1000
20598,0
20599,0
20608,0
20609,1000
20611,1000
20614,0
20615,2000
20618,0
20619,1500
20620,1000
20621,0
20622,0
20628,0
20629,1000
20630,2000
20631,0
20642,0
20643,1000
20659,0
20660,2000
20661,1000
20664,0
20665,2000
20682,0
20683,1500
20684,1000
20685,0
20688,0
20689,0
20690,2000
20692,0
20693,0
20694,2000
20695,1000
20708,0
20709,0
20710,0
20711,1000
20716,0
20717,0
20718,2000
20719,2000
20731,2000
20733,0
20734,0
20736,0
20737,0
20741,1000
20742,0
20743,1000
20745,2000
20748,1000
20756,1000
20757,1000
20760,2000
20768,1500
20769,1500
20774,0
20775,0
20778,0
20779,2000
20780,0
20786,1000
20788,2000
20789,0
20790,0
20791,2000
20792,0
20793,0
20794,2000
20795,0
20796,0
20807,0
20808,0
20814,0
20815,0
20830,0
20831,0
20834,0
20835,1000
20838,0
20839,1000
20844,1000
20845,0
20846,1000
20847,2000
20864,0
20865,2000
20866,1000
20867,1000
20872,0
20873,0
20874,2000
20875,1000
20886,1000
20887,2000
20890,1000
20891,0
20893,0
20894,1000
20895,1000
20906,0
20907,2000
20914,0
20915,0
20916,1000
20918,0
20919,0
20920,0
20921,0
20928,1000
20929,0
20932,1500
20933,2000
20958,0
20959,1000
20964,2000
20965,0
20966,1000
20970,0
20971,0
20974,2000
20975,0
20990,0
20991,0
20994,0
20995,1000
21000,0
21001,2000
21002,2000
21003,0
21028,1000
21032,0
21033,1000
21034,0
21037,0
21038,0
21040,2000
21041,2000
21052,0
21053,0
21059,0
21060,2000
21061,0
21064,1000
21072,2000
21073,1000
21078,0
21079,2000
21080,1000
21081,0
21083,0
21094,2000
21095,2000
21101,1000
21103,1000
21111,0
21113,0
21114,1000
21115,1500
21132,1000
21133,0
21138,1000
21139,1000
21140,1000
21142,2000
21143,1000
21154,0
21166,1000
21167,1000
21172,0
21174,1000
21175,1000
21176,2000
21183,0
21188,0
21189,0
21192,0
21193,0
21194,0
21195,0
21197,0
21203,1500
21204,0
21205,0
21214,1500
21219,1000
21220,2000
21221,0
21226,0
21227,1000
21228,0
21229,2000
21232,0
21233,2000
21234,1000
21235,1000
21238,0
21239,0
21240,0
21241,0
21244,0
21245,0
21251,0
21254,1000
21255,1000
21258,2000
21259,0
21260,0
21261,2000
21262,0
21263,0
21265,1500
21266,2000
21267,0
21268,1000
21269,2000
21274,1000
21280,2000
21281,1000
21282,0
21283,2000
21295,0
21304,0
21305,0
21306,2000
21307,1000
21308,1000
21309,0
21314,0
21315,0
21316,1000
21317,0
21330,2000
21336,0
21337,1000
21340,1000
21341,0
21345,0
21352,1000
21353,2000
21356,0
21370,0
21371,0
21372,0
21373,0
21390,0
21391,1000
21396,0
21397,1000
21398,1000
21399,0
21406,0
21408,0
21409,0
21438,2000
21439,1000
21448,1000
21449,0
21451,0
21456,1000
21457,1500
21458,2000
21459,2000
21460,0
21461,0
21465,2000
21466,0
21467,1000
21468,0
21469,1500
21476,0
21478,2000
21479,1000
21480,0
21486,1000
21487,0
21494,1500
21495,2000
21496,1000
21497,1500
21498,2000
21499,1000
21518,0
21532,0
21533,1000
21534,1500
21535,0
21546,0
21547,2000
21560,0
21561,0
21562,0
21563,1000
21564,1000
21570,1000
21572,0
21573,1000
21582,2000
21583,1000
21584,0
21585,0
21588,0
21590,0
21591,1500
21598,1000
21599,0
21602,1000
21603,0
21604,0
21608,1500
21609,1000
21612,0
21613,0
21614,0
21615,2000
21618,0
21619,2000
21621,1000
21630,0
21631,0
21644,2000
21645,0
21648,1000
21650,0
21658,0
21659,0
21664,1000
21665,0
21676,1000
21677,0
21686,2000
21687,1000
21688,1000
21689,0
21690,0
21692,0
21693,0
21696,2000
21697,1000
21700,0
21701,0
21704,0
21705,0
21714,1000
21715,2000
21722,0
21723,2000
21724,0
21725,0
21732,1000
21733,0
21750,1000
21751,2000
21769,0
21772,0
21773,1000
21774,2000
21777,2000
21782,0
21784,1000
21785,0
21788,1000
21789,1000
21792,0
21793,0
21797,1500
21800,0
21801,0
21806,1000
21807,0
21808,2000
21809,2000
21811,2000
21817,0
21822,0
21823,1000
21840,0
21841,1000
21854,1000
21855,0
21856,0
21857,1000
21862,0
21863,2000
21868,0
21874,0
21875,1000
21876,1000
21877,0
21878,0
21879,1000
21884,1000
21886,1000
21894,1500
21904,1000
21905,0
21906,0
21907,0
21910,1000
21911,0
21912,0
21913,0
21914,0
21915,2000
21916,0
21917,0
21926,0
21927,1000
21934,1000
21935,2000
21962,2000
21963,0
21965,1000
21976,1500
21977,0
21978,0
21979,0
21986,0
21987,2000
21998,0
21999,1500
22006,0
22007,1000
22012,0
22013,0
22020,0
22021,0
22026,1000
22027,1000
22032,2000
22033,2000
22034,0
22035,0
22040,0
22041,2000
22044,1000
22045,0
22048,0
22049,0
22056,0
22057,2000
22058,2000
22059,0
22062,0
22063,0
22076,1500
22080,0
22081,0
22082,0
22083,0
22091,0
22092,0
22093,1000
22094,0
22095,0
22098,2000
22099,2000
22116,1000
22117,1000
22122,0
22123,2000
22130,0
22131,0
22154,2000
22155,0
22164,2000
22165,0
22172,1000
22174,1500
22175,2000
22176,1000
22177,0
22182,0
22183,1500
22186,0
22187,0
22194,0
22195,2000
22202,2000
22203,2000
22204,0
22205,1000
22218,1000
22219,2000
22220,1000
22221,1000
22228,0
22232,0
22233,0
22236,1000
22237,1500
22240,1000
22244,0
22245,1000
22272,0
22282,1000
22283,1000
22284,0
22285,2000
22286,0
22287,0
22288,0
22289,0
22290,0
22291,2000
22292,0
22293,2000
22294,2000
22299,1000
22303,1000
22304,0
22305,1000
22306,1000
22307,2000
22310,1500
22311,1000
22314,1000
22315,2000
22318,0
22320,0
22321,0
22324,2000
22325,1000
22329,1000
22331,2000
22332,0
22333,0
22338,2000
22340,1000
22341,0
22346,2000
22347,1000
22350,0
22351,0
22358,1000
22359,0
22360,1000
22361,0
22364,0
22365,0
22366,1000
22378,1000
22379,0
22386,0
22387,2000
22390,0
22391,0
22394,0
22395,0
22404,0
22405,2000
22410,0
22411,2000
22420,1000
22421,1000
22422,1500
22430,0
22431,2000
22438,0
22439,0
22446,0
22447,2000
22448,2000
22449,0
22450,0
22451,2000
22456,0
22457,0
22458,2000
22459,1000
22462,2000
22463,0
22470,0
22476,0
22477,2000
22478,2000
22479,0
22484,0
22485,2000
22486,0
22487,0
22490,2000
22491,2000
22492,0
22493,1500
22494,2000
22495,0
22496,0
22497,0
22498,0
22499,2000
22512,2000
22513,2000
22518,1000
22519,0
22532,2000
22533,0
22535,0
22538,0
22539,1000
22548,0
22549,0
22550,0
22551,0
22552,1000
22553,1000
22560,1500
22561,0
22566,0
22567,1000
22574,2000
22575,0
22578,1000
22579,1000
22595,0
22596,1500
22597,0
22608,1000
22609,1000
22612,2000
22613,0
22616,0
22617,1000
22629,2000
22654,0
22655,1000
22656,0
22657,2000
22666,1500
22667,1500
22672,0
22680,0
22681,1000
22688,1000
22689,0
22695,2000
22706,2000
22707,1000
22709,0
22710,0
22711,2000
22716,2000
22717,1000
22718,0
22719,0
22724,1000
22725,2000
22729,0
22732,1000
22733,1000
22736,0
22737,0
22744,0
22745,0
22754,0
22755,1000
22759,1000
22760,0
22761,2000
22763,0
22766,0
22767,1000
22769,0
22770,0
22771,0
22782,1000
22784,0
22785,2000
22786,2000
22790,1000
22791,1000
22792,0
22793,0
22802,1000
22803,0
22810,0
22811,0
22822,2000
22823,0
22829,0
22831,1500
22836,0
22837,0
22840,2000
22848,0
22849,0
22850,0
22851,1000
22852,0
22853,0
22858,2000
22859,2000
22860,0
22861,0
22862,2000
22863,1000
22866,1000
22867,0
22884,0
22885,0
22886,0
22887,0
22890,0
22891,1500
22896,0
22900,0
22903,2000
22905,0
22913,0
22914,0
22923,2000
22937,2000
22944,1000
22948,1000
22949,0
22958,1000
22959,0
22964,0
22965,0
22966,0
22968,0
22972,1500
22980,0
22988,2000
22989,0
22999,1000
23004,0
23005,0
23006,1000
23014,0
23015,0
23038,0
23039,1000
23044,1000
23045,0
23046,2000
23047,0
23056,0
23057,0
23073,1000
23090,1000
23091,0
23093,0
23110,1500
23118,0
23119,2000
23122,2000
23125,0
23134,2000
23135,0
23140,1000
23146,1500
23147,1000
23149,1000
23150,2000
23151,1000
23152,2000
23153,0
23158,0
23159,0
23168,1000
23169,0
23174,0
23175,0
23188,2000
23189,0
23198,0
23205,0
23207,2000
23224,0
23225,0
23238,0
23239,1500
23245,1000
23256,0
23260,2000
23261,0
23270,2000
23271,1000
23272,0
23273,1000
23274,0
23278,0
23279,1000
23282,1000
23283,2000
23287,0
23292,2000
23293,0
23294,0
23295,1000
23308,0
23309,1000
23320,0
23321,1000
23322,2000
23323,2000
23338,1000
23339,0
23346,1000
23347,1000
23355,1000
23364,0
23365,1500
23366,0
23367,1000
23374,1000
23375,0
23376,1500
23377,0
23378,0
23392,2000
23395,1000
23396,0
23397,1000
23404,0
23405,1500
23410,1000
23411,0
23412,1000
23413,1000
23424,0
23434,0
23436,1000
23437,0
23440,0
23441,0
23452,0
23460,0
23462,1000
23476,1000
23477,0
23478,1000
23479,1000
23484,0
23485,2000
23489,2000
23500,0
23501,0
23502,1000
23503,0
23504,2000
23505,0
23506,2000
23508,1000
23509,2000
23513,0
23514,2000
23515,0
23516,0
23517,2000
23524,0
23525,0
23526,0
23527,2000
23544,1000
23545,0
23546,0
23547,1500
23548,0
23549,0
23550,1000
23554,2000
23558,0
23559,0
23562,2000
23563,1000
23565,2000
23576,1000
23577,1000
23580,1000
23581,0
23584,0
23585,0
23586,1000
23587,0
23592,0
23593,2000
23598,0
23602,1000
23603,0
23606,2000
23607,0
23625,0
23627,2000
23628,1000
23629,2000
23630,1500
23631,0
23632,0
23633,0
23636,0
23637,0
23645,2000
23651,0
23660,0
23661,1000
23662,0
23663,2000
23672,2000
23673,2000
23674,1000
23675,0
23676,0
23677,0
23698,2000
23699,0
23704,0
23705,0
23706,0
23707,2000
23714,0
23715,0
23716,0
23717,0
23734,0
23735,1500
23745,0
23749,1000
23753,0
23768,0
23769,2000
23776,0
23777,0
23790,0
23791,0
23802,0
23803,2000
23816,2000
23817,0
23836,0
23840,0
23841,0
23842,0
23848,0
23849,1500
23856,0
23857,1000
23860,1000
23861,1000
23874,0
23875,2000
23886,0
23896,1000
23897,0
23912,0
23913,1000
23914,0
23915,1000
23918,2000
23919,2000
23921,0
23922,0
23934,0
23935,0
23942,1000
23943,0
23966,1000
23967,0
23968,1500
23969,0
23970,0
23971,0
23974,0
23975,2000
23982,0
23983,1000
23988,0
23989,2000
24004,0
24005,1000
24006,1000
24007,1000
24018,0
24019,1500
24037,0
24040,0
24041,0
24050,1000
24051,0
24063,0
24064,0
24065,2000
24066,0
24067,0
24070,2000
24071,1500
24088,2000
24089,0
24100,0
24101,0
24124,2000
24125,0
24128,0
24138,1500
24139,2000
24152,0
24153,2000
24158,2000
24159,2000
24160,1000
24162,1000
24163,1000
24166,0
24168,1000
24169,1000
24170,1000
24171,0
24172,1000
24173,2000
24174,0
24180,1500
24181,2000
24186,0
24188,0
24189,1000
24196,1000
24197,0
24214,0
24215,1000
24220,1000
24221,2000
24228,0
24229,2000
24232,2000
24233,0
24244,1000
24245,1000
24248,0
24250,1000
24251,0
24267,0
24270,1000
24278,2000
24279,0
24280,1000
24281,2000
24282,0
24288,0
24289,0
24294,2000
24295,0
24296,2000
24297,0
24302,0
24303,1000
24318,0
24324,1500
24325,0
24328,1000
24329,1000
24340,2000
24341,1000
24342,0
24343,1000
24344,0
24345,0
24346,1000
24372,0
24378,0
24379,2000
24401,0
24412,0
24416,2000
24417,0
24420,2000
24421,0
24426,1000
24427,0
24430,0
24431,0
24432,0
24433,0
24440,1000
24441,2000
24444,0
24445,1000
24450,0
24456,0
24457,0
24466,0
24467,0
24468,0
24469,0
24470,1000
24471,0
24474,0
24475,0
24478,0
24488,1000
24489,2000
24490,2000
24491,1000
24494,2000
24495,0
24501,0
24512,1000
24513,0
24516,1000
24517,1000
24518,0
24519,0
24522,0
24523,0
24526,2000
24527,2000
24530,0
24531,1000
24556,0
24560,0
24561,1000
24568,0
24569,1500
24570,0
24571,0
24584,0
24585,2000
24586,1000
24587,0
24588,0
24589,0
24592,0
24594,0
24595,1000
24596,0
24597,0
24598,1500
24599,0
24602,0
24603,0
24608,2000
24609,1000
24612,1500
24613,0
24624,1500
24626,0
24627,0
24628,1000
24629,1000
24640,1000
24641,0
24646,2000
24647,1000
24648,0
24649,0
24650,0
24651,1000
24653,1500
24654,0
24655,2000
24658,0
24659,0
24668,1000
24671,0
24674,0
24675,2000
24676,0
24677,0
24680,0
24681,0
24686,1000
24687,1000
24692,0
24693,0
24704,1000
24705,0
24712,2000
24713,0
24718,2000
24719,2000
24728,0
24729,1000
24734,2000
24735,0
24738,1000
24744,0
24745,1500
24750,0
24751,0
24752,0
24753,0
24759,1500
24768,0
24769,0
24794,0
24795,0
24800,1000
24806,1000
24812,0
24813,0
24814,0
24815,0
24834,2000
24835,1500
24840,2000
24841,0
24846,0
24847,1500
24849,0
24850,2000
24851,2000
24853,2000
24854,1000
24857,1000
24861,1000
24869,1000
24876,1000
24877,0
24878,1000
24879,0
24885,1000
24890,0
24891,2000
24900,1500
24915,1000
24918,2000
24919,0
24920,0
24921,0
24922,1000
24923,0
24928,1000
24929,0
24932,0
24933,0
24934,1000
24935,0
24940,0
24941,0
24942,2000
24943,0
24952,1000
24953,1000
24956,0
24957,1000
24962,0
24963,2000
24972,0
24978,0
24979,0
24992,1000
24993,1500
24997,0
25002,2000
25003,2000
25014,0
25015,2000
25018,1000
25019,2000
25038,1500
25039,2000
25040,0
25041,0
25050,1000
25065,0
25066,0
25086,0
25087,2000
25098,2000
25099,1000
25116,0
25117,0
25124,2000
25132,0
25133,1000
25140,1000
25141,0
25146,0
25147,0
25162,0
25163,0
25166,1000
25167,0
25178,0
25179,1000
25184,0
25185,1000
25217,1500
25218,0
25219,0
25224,1000
25225,0
25230,1500
25235,0
25236,1500
25242,2000
25243,0
25246,0
25247,0
25248,1000
25250,0
25251,0
25252,2000
25253,1000
25260,0
25261,0
25274,1000
25275,0
25280,0
25281,0
25292,1000
25293,0
25294,0
25295,1000
25296,2000
25304,0
25305,1500
25306,0
25307,1000
25308,1000
25318,2000
25319,2000
25324,1500
25325,2000
25330,0
25331,0
25344,2000
25345,1000
25348,1000
25349,2000
25350,1000
25351,2000
25354,0
25355,2000
25362,0
25363,0
25372,0
25373,0
25374,0
25375,2000
25378,1000
25379,1500
25380,0
25381,1500
25382,0
25383,0
25384,1000
25385,0
25395,0
25399,0
25402,2000
25403,0
25408,1000
25409,0
25421,0
25422,1000
25432,1000
25433,0
25456,2000
25457,1000
25460,0
25461,1000
25466,0
25467,2000
25470,2000
25471,0
25474,0
25475,0
25478,1000
25479,0
25480,1500
25482,0
25483,0
25484,0
25486,1500
25487,0
25492,0
25493,1000
25496,1000
25497,0
25498,1000
25499,0
25506,2000
25514,0
25515,0
25516,2000
25517,1000
25538,0
25539,1000
25540,0
25541,0
25542,1000
25543,0
25550,2000
25556,1500
25557,1500
25558,1500
25559,0
25566,0
25574,0
25575,1000
25589,2000
25592,2000
25600,1000
25601,0
25602,1000
25609,2000
25612,0
25613,1000
25624,1000
25625,0
25627,1000
25636,0
25638,1000
25639,2000
25642,0
25643,1000
25648,0
25649,0
25650,0
25651,1500
25652,1000
25653,1000
25656,1000
25657,0
25660,0
25666,0
25667,0
25684,0
25685,0
25686,2000
25690,1000
25691,1000
25692,1000
25693,0
25694,1000
25695,0
25699,0
25700,1000
25701,0
25702,0
25703,1500
25709,2000
25710,0
25711,1000
25712,0
25713,0
25714,1000
25715,2000
25722,0
25723,1000
25728,2000
25729,0
25733,0
25748,0
25749,1500
25754,0
25768,1000
25771,0
25772,0
25773,0
25774,2000
25775,1000
25780,1000
25790,0
25791,2000
25796,1000
25797,2000
25810,0
25811,2000
25814,0
25816,0
25817,0
25826,2000
25827,1000
25828,1000
25829,0
25844,1000
25845,0
25846,0
25847,0
25848,0
25849,2000
25852,0
25854,0
25855,1000
25864,2000
25865,0
25869,1000
25870,0
25871,2000
25874,0
25875,1000
25876,1000
25877,1000
25878,2000
25879,1000
25892,1500
25893,1000
25896,1000
25897,1500
25900,0
25901,0
25928,0
25929,0
25930,0
25931,0
25936,1000
25937,1000
25938,1000
25939,1000
25952,0
25953,1500
25958,1000
25966,0
25967,1000
25970,1000
25971,1000
25972,0
25974,1000
25976,2000
25977,1000
25980,0
25981,0
25984,1000
25985,0
25988,0
25989,1000
25992,1500
25993,0
25995,1000
25996,0
25997,1000
26008,0
26009,2000
26021,0
26022,1000
26023,0
26030,0
26031,1000
26032,2000
26034,1000
26036,2000
26037,0
26044,2000
26045,0
26050,0
26053,1000
26055,0
26058,1000
26059,1000
26072,0
26073,2000
26075,0
26076,1000
26077,0
26084,1500
26085,2000
26092,1000
26094,1500
26095,0
26097,1000
26098,0
26099,1000
26105,2000
26108,0
26109,2000
26116,2000
26117,2000
26118,0
26119,0
26122,2000
26123,0
26132,0
26133,2000
26134,1000
26135,0
26136,0
26137,0
26140,0
26144,0
26145,0
26146,0
26147,0
26158,1000
26159,0
26172,0
26176,0
26177,0
26182,0
26183,0
26197,2000
26202,0
26203,0
26226,0
26227,0
26238,1000
26240,0
26241,0
26250,2000
26251,0
26264,0
26265,0
26276,0
26277,0
26280,1000
26281,0
26282,0
26283,1000
26286,2000
26287,0
26306,0
26307,1500
26326,0
26327,0
26328,1000
26329,0
26330,2000
26331,0
26336,0
26337,2000
26340,1000
26341,1000
26345,0
26350,0
26351,1000
26354,0
26355,0
26370,0
26372,2000
26373,2000
26388,0
26389,2000
26406,0
26407,0
26408,2000
26409,1000
26410,0
26418,0
26419,0
26420,0
26421,0
26424,0
26425,0
26426,0
26427,2000
26428,0
26429,2000
26430,0
26432,2000
26433,1000
26438,1000
26439,0
26447,0
26449,0
26450,0
26451,0
26458,1000
26459,2000
26463,2000
26465,1000
26472,0
26473,2000
26474,0
26475,1000
26480,0
26490,0
26491,0
26496,0
26498,0
26506,1000
26507,0
26512,0
26513,0
26540,0
26541,1000
26542,0
26543,0
26547,0
26550,1000
26551,0
26552,0
26553,2000
26560,1000
26578,0
26579,0
26584,1000
26585,2000
26610,0
26611,0
26612,0
26613,1000
26622,0
26623,0
26638,0
26639,1000
26650,0
26651,1000
26654,0
26659,0
26660,1000
26661,1000
26662,0
26663,0
26666,0
26667,0
26675,0
26676,2000
26683,0
26684,2000
26687,0
26688,0
26691,0
26692,2000
26695,0
26696,1000
26697,0
26698,0
26699,2000
26708,0
26712,2000
26713,0
26724,0
26725,0
26726,2000
26727,0
26728,1000
26729,0
26736,0
26737,0
26746,0
26747,0
26778,2000
26779,0
26794,1000
26795,1000
26796,0
26797,0
26798,2000
26809,0
26810,1500
26826,0
26827,0
26830,0
26834,0
26835,0
26839,1000
26842,2000
26843,0
26848,1000
26849,0
26850,0
26852,1000
26853,1000
26854,2000
26855,0
26858,0
26859,0
26868,1000
26878,0
26879,1000
26880,0
26881,2000
26890,1500
26891,0
26892,1000
26896,0
26897,0
26904,0
26905,1000
26906,1000
26907,0
26912,1000
26913,0
26914,0
26915,2000
26916,1000
26917,0
26922,1000
26923,0
26934,1000
26935,1000
26940,0
26941,0
26948,1000
26949,2000
26950,1500
26968,0
26969,2000
26972,1000
26973,0
26986,0
26987,2000
26988,2000
26989,2000
26994,0
26995,2000
27003,2000
27010,1000
27011,0
27014,2000
27015,0
27041,0
27046,0
27047,0
27048,2000
27049,0
27054,1000
27055,1000
27060,1000
27062,2000
27063,0
27072,0
27074,0
27075,0
27079,0
27084,0
27096,1000
27097,2000
27100,0
27101,0
27102,0
27103,0
27112,0
27113,0
27126,1500
27127,1000
27140,0
27141,1000
27148,2000
27149,0
27156,0
27157,0
27158,0
27166,0
27168,0
27169,1000
27170,2000
27171,0
27173,0
27178,1000
27179,1500
27180,2000
27181,0
27198,0
27199,0
27202,1000
27203,0
27209,1500
27216,1000
27217,1000
27218,0
27223,0
27226,2000
27227,0
27232,0
27233,1000
27237,2000
27241,2000
27246,0
27247,2000
27256,1000
27257,0
27258,0
27259,0
27260,1000
27266,0
27267,1000
27270,0
27271,0
27272,0
27273,0
27280,1000
27281,0
27288,2000
27289,0
27292,0
27293,0
27307,1000
27308,0
27309,0
27315,0
27316,2000
27317,2000
27334,0
27335,1500
27338,2000
27339,0
27340,0
27341,1000
27344,0
27346,2000
27347,0
27352,2000
27353,0
27362,0
27363,0
27364,1500
27365,0
27368,2000
27369,0
27391,1500
27392,0
27393,0
27404,1000
27405,2000
27410,0
27411,1000
27424,1000
27425,0
27428,1000
27429,0
27431,1000
27438,0
27439,1000
27442,0
27443,1500
27447,0
27448,2000
27449,0
27456,0
27457,0
27458,1000
27459,0
27462,0
27463,0
27466,1000
27467,0
27468,1500
27469,0
27471,0
27474,0
27475,1000
27482,2000
27483,2000
27484,2000
27485,0
27488,0
27489,0
27503,0
27504,2000
27505,2000
27506,2000
27507,1000
27512,0
27520,2000
27521,0
27522,2000
27523,0
27540,0
27541,0
27551,0
27562,0
27563,1000
27564,0
27565,0
27566,1000
27567,0
27574,0
27575,2000
27594,1000
27595,0
27602,2000
27603,0
27604,0
27605,0
27607,1500
27616,1500
27628,2000
27629,2000
27631,1000
27632,0
27633,0
27639,0
27648,2000
27649,2000
27650,0
27654,2000
27655,2000
27660,0
27666,2000
27667,0
27673,1500
27676,0
27680,2000
27681,0
27700,0
27701,0
27706,0
27707,1000
27715,0
27732,0
27733,0
27736,0
27737,0
27744,0
27745,0
27746,0
27747,0
27752,2000
27757,1500
27762,2000
27763,0
27772,0
27778,1000
27779,0
27780,2000
27781,0
27788,1000
27789,2000
27794,0
27795,0
27796,1000
27797,2000
27798,0
27799,1000
27805,0
27810,0
27811,1000
27814,0
27815,0
27826,2000
27827,2000
27831,1000
27850,2000
27851,0
27858,2000
27862,1000
27864,0
27876,1000
27877,2000
27884,2000
27885,0
27886,0
27887,1000
27890,0
27891,2000
27894,0
27904,0
27905,1000
27906,1000
27907,0
27914,2000
27915,0
27916,0
27917,2000
27920,0
27921,0
27934,1000
27935,1000
27948,1000
27949,1000
27952,0
27953,1000
27962,0
27963,0
27965,0
27973,0
27976,0
27977,1000
27979,2000
27980,2000
27981,1000
28005,0
28006,0
28007,1500
28008,0
28009,0
28016,0
28017,2000
28022,1000
28023,2000
28024,0
28025,0
28026,1000
28027,0
28032,0
28033,0
28034,1500
28035,2000
28046,0
28047,0
28054,0
28055,0
28062,0
28063,1000
28066,0
28067,1000
28070,2000
28071,0
28079,0
28084,0
28085,0
28086,0
28087,0
28090,2000
28092,2000
28093,1000
28094,0
28095,0
28098,1000
28099,0
28104,0
28106,0
28107,0
28109,2000
28123,1000
28138,0
28139,1000
28140,0
28141,0
28164,0
28165,0
28178,0
28179,1000
28180,0
28181,2000
28182,0
28183,1000
28184,0
28185,2000
28187,1000
28188,0
28189,2000
28190,0
28191,1000
28193,2000
28194,1000
28195,0
28200,0
28206,1000
28207,1500
28214,1000
28215,2000
28220,0
28221,1000
28225,2000
28230,1000
28231,2000
28232,0
28233,0
28235,2000
28240,1000
28246,2000
28247,0
28252,1000
28253,0
28254,2000
28255,1500
28262,1000
28263,0
28274,0
28275,2000
28278,0
28279,2000
28282,2000
28283,0
28284,2000
28285,1000
28294,1000
28298,0
28299,2000
28302,0
28303,0
28314,0
28315,1000
28316,0
28317,0
28318,2000
28319,0
28330,0
28331,1000
28344,1000
28345,0
28350,0
28351,1000
28356,2000
28357,2000
28358,2000
28360,0
28361,2000
28362,1000
28363,0
28368,1000
28369,0
28374,0
28375,0
28378,2000
28379,1000
28386,1000
28387,0
28390,1000
28391,0
28392,1000
28393,0
28398,0
28399,1000
28406,1000
28407,0
28412,1000
28413,0
28414,1000
28415,0
28422,2000
28424,1000
28425,2000
28434,1000
28435,1000
28442,1000
28443,0
28452,0
28453,0
28456,0
28457,2000
28461,0
28466,0
28467,0
28470,2000
28471,1000
28474,0
28475,1000
28486,1000
28487,0
28496,2000
28497,1000
28504,0
28505,1000
28506,2000
28507,2000
28516,2000
28517,1000
28518,0
28519,0
28521,0
28522,1500
28523,2000
28526,1000
28527,1000
28530,1000
28531,2000
28536,0
28537,0
28550,1000
28551,2000
28572,0
28573,2000
28576,1000
28577,1500
28580,1000
28581,1000
28584,1000
28585,1500
28596,2000
28597,1000
28604,1000
28605,2000
28610,2000
28611,1000
28612,1000
28613,0
28618,0
28619,0
28620,0
28626,1000
28627,0
28632,0
28633,0
28634,0
28636,1000
28637,0
28642,0
28646,0
28647,0
28648,0
28649,0
28652,1000
28653,1000
28655,2000
28656,0
28657,0
28658,2000
28659,1000
28673,0
28674,1000
28684,1000
28685,1000
28688,0
28689,0
28690,1000
28691,0
28692,0
28693,2000
28710,0
28711,2000
28722,0
28723,0
28730,0
28731,2000
28738,0
28739,1000
28744,0
28745,1000
28746,0
28747,0
28753,2000
28765,1000
28770,1000
28771,2000
28772,0
28773,0
28774,1000
28778,1000
28779,0
28784,0
28785,1000
28793,0
28794,2000
28798,1500
28799,0
28800,0
28801,1000
28802,1000
28803,2000
28804,0
28805,0
28811,0
28818,2000
28819,1000
28820,2000
28831,0
28832,0
28833,0
28834,1000
28835,0
28838,0
28850,0
28851,2000
28852,0
28866,0
28867,0
28876,0
28877,2000
28878,0
28879,0
28892,1000
28893,2000
28898,1000
28899,1000
28904,2000
28905,1000
28912,1000
28916,1000
28917,0
28930,1500
28931,0
28936,0
28937,0
28946,1000
28947,1000
28953,2000
28954,2000
28955,0
28956,0
28957,1000
28974,0
28975,1000
28990,1000
28991,0
28992,1000
28993,1000
28998,0
28999,2000
29000,2000
29001,0
29010,0
29011,2000
29022,1500
29023,2000
29024,0
29025,1000
29026,2000
29027,0
29038,2000
29040,0
29041,1000
29048,0
29049,0
29050,1500
29051,0
29052,1000
29053,0
29055,1000
29058,0
29059,0
29062,2000
29063,1000
29064,2000
29065,0
29078,1000
29079,0
29080,1000
29081,0
29082,0
29083,2000
29084,0
29085,0
29086,0
29087,2000
29089,0
29098,0
29099,2000
29101,0
29106,0
29107,2000
29116,0
29118,0
29119,2000
29121,1000
29122,0
29129,0
29134,2000
29135,0
29137,1000
29142,1000
29143,2000
29144,1000
29145,1000
29152,0
29153,1000
29156,0
29157,1000
29158,1000
29159,0
29164,1000
29165,1000
29168,0
29169,0
29172,0
29173,0
29180,2000
29203,0
29206,2000
29207,0
29208,0
29209,0
29211,1500
29212,0
29213,1500
29220,0
29221,0
29226,1500
29227,1000
29232,1000
29233,2000
29234,0
29236,0
29237,0
29241,2000
29244,1500
29263,0
29266,0
29267,0
29272,0
29273,2000
29284,0
29285,0
29296,2000
29297,2000
29302,2000
29303,0
29307,0
29310,1000
29311,1000
29341,0
29352,1000
29353,1500
29356,2000
29357,0
29360,1000
29361,0
29363,0
29382,0
29383,0
29386,0
29387,0
29388,0
29389,1000
29398,2000
29399,0
29402,0
29410,0
29411,1000
29414,0
29415,0
29418,2000
29419,1500
29424,0
29425,1000
29428,0
29429,2000
29432,0
29433,1000
29440,1000
29441,1000
29459,1500
29467,0
29478,0
29479,2000
29482,0
29483,1000
29488,1000
29489,1000
29492,1000
29493,2000
29505,1500
29527,2000
29528,1000
29529,0
29530,0
29531,2000
29534,1500
29535,0
29538,2000
29558,1000
29559,0
29560,1000
29568,2000
29569,0
29574,1000
29575,0
29582,0
29585,0
29590,0
29591,1000
29593,2000
29598,2000
29599,1000
29605,0
29610,0
29612,1000
29613,2000
29614,2000
29615,0
29628,1000
29632,1000
29633,1000
29639,0
29640,0
29641,1000
29652,0
29653,1500
29654,2000
29655,0
29658,2000
29659,2000
29660,0
29661,1000
29670,0
29671,2000
29685,0
29701,0
29704,1000
29712,2000
29713,1000
29716,1000
29717,2000
29724,0
29725,0
29728,0
29729,0
29730,0
29731,0
29744,1000
29760,2000
29761,1500
29769,1000
29770,0
29772,0
29773,0
29784,0
29785,0
29788,1000
29789,0
29796,1000
29798,0
29799,0
29808,1000
29809,1000
29812,0
29820,0
29821,1000
29825,0
29828,0
29829,0
29830,1000
29831,0
29834,0
29835,1000
29842,2000
29843,0
29845,0
29848,1000
29849,0
29860,0
29861,0
29876,0
29877,0
29880,0
29881,0
29887,1000
29888,0
29889,0
29896,0
29897,0
29906,1000
29907,0
29908,0
29909,1000
29916,1000
29917,1000
29920,0
29921,0
29925,0
29926,0
29927,0
29928,1000
29929,0
29932,0
29936,0
29937,1000
29938,1000
29939,1000
29940,2000
29941,0
29944,0
29945,1000
29946,2000
29947,0
29966,2000
29974,1000
29975,0
29980,2000
29981,0
29982,1000
29983,0
29985,0
29988,1000
29989,0
30000,0
30001,0
30013,1000
30033,1000
30042,0
30043,0
30046,1000
30047,1500
30048,2000
30049,0
30050,0
30051,0
30054,2000
30055,2000
30058,0
30059,0
30074,0
30075,0
30078,1000
30084,0
30085,1000
30086,0
30087,1000
30098,0
30099,2000
30100,1000
30101,0
30104,2000
30106,1000
30107,0
30112,0
30113,0
30124,1000
30125,0
30142,2000
30143,0
30149,0
30150,1000
30151,1000
30154,1000
30158,0
30159,0
30160,1000
30161,0
30164,1000
30165,0
30168,1000
30169,0
30182,0
30183,0
30190,1000
30191,0
30194,1000
30195,0
30196,0
30197,0
30203,0
30214,0
30215,0
30217,0
30226,1000
30232,1000
30243,1000
30244,1000
30250,0
30251,0
30266,0
30267,0
30272,0
30273,0
30278,0
30279,0
30280,1000
30281,0
30282,0
30290,0
30291,0
30298,1500
30299,0
30300,1000
30302,0
30303,1000
30308,1500
30312,0
30313,0
30314,1000
30315,2000
30316,0
30318,2000
30320,0
30321,0
30334,0
30335,0
30342,1000
30343,0
30346,2000
30347,2000
30352,1000
30358,0
30360,0
30361,1000
30368,0
30369,0
30370,1000
30371,1000
30386,2000
30387,0
30388,0
30390,2000
30391,0
30396,0
30397,0
30406,1000
30408,0
30416,0
30417,0
30418,1000
30419,1000
30422,1000
30423,0
30424,1000
30425,0
30428,2000
30429,0
30432,0
30433,2000
30438,2000
30439,0
30442,0
30454,0
30455,0
30456,0
30457,1000
30458,2000
30485,0
30492,2000
30510,0
30511,2000
30512,1500
30513,0
30518,0
30519,0
30531,0
30542,0
30548,0
30549,0
30552,1000
30553,0
30558,2000
30559,1000
30562,1000
30564,0
30565,0
30570,2000
30571,0
30574,0
30578,0
30579,2000
30584,0
30585,0
30587,0
30602,1000
30603,0
30608,1000
30612,0
30614,1000
30616,1000
30617,1000
30619,1000
30629,1000
30640,1000
30641,0
30644,0
30646,0
30648,0
30649,0
30652,1000
30662,0
30663,2000
30666,1000
30667,2000
30670,0
30671,0
30674,0
30675,0
30680,1000
30681,1500
30684,1000
30685,1000
30686,1000
30687,1000
30690,0
30691,0
30692,0
30693,1000
30696,0
30697,2000
30700,1000
30701,2000
30702,2000
30703,2000
30710,1500
30711,2000
30713,1500
30726,0
30727,0
30734,2000
30735,0
30742,1500
30743,2000
30744,1000
30748,2000
30749,2000
30759,0
30760,0
30761,0
30766,0
30767,0
30768,1000
30778,0
30779,0
30792,1000
30793,0
30798,0
30799,1000
30802,0
30803,2000
30804,1500
30805,1000
30806,1000
30810,0
30811,2000
30812,0
30813,2000
30822,0
30823,0
30826,0
30827,2000
30839,0
30840,2000
30841,0
30842,0
30843,1000
30862,0
30863,1000
30868,0
30869,0
30878,0
30879,0
30884,0
30885,0
30896,1000
30897,0
30900,1500
30901,1000
30902,0
30907,0
30912,0
30913,0
30914,0
30915,1000
30918,0
30930,0
30931,0
30932,0
30933,0
30936,0
30937,2000
30945,0
30946,1000
30947,1000
30950,2000
30953,2000
30958,0
30959,0
30964,0
30965,0
30966,0
30967,0
30968,1000
30969,0
30970,1500
30982,1000
30983,0
30992,0
30993,1000
30996,0
30998,1000
30999,0
31000,0
31001,2000
31002,1000
31006,0
31014,0
31015,0
31017,0
31026,0
31027,2000
31029,0
31040,2000
31041,1000
31052,0
31053,0
31060,0
31069,0
31072,1000
31073,1000
31074,0
31080,0
31081,0
31099,0
31103,0
31104,1000
31109,1000
31118,0
31119,0
31129,1000
31136,0
31137,0
31143,0
31145,0
31146,2000
31147,0
31148,0
31149,0
31158,0
31159,1000
31164,1000
31165,2000
31178,1000
31179,0
31188,2000
31189,0
31191,0
31196,0
31197,0
31214,2000
31215,0
31224,0
31225,1000
31230,2000
31231,1000
31242,2000
31243,0
31244,0
31245,0
31248,0
31249,1000
31256,0
31257,1500
31262,0
31263,2000
31268,1000
31270,1000
31271,0
31273,2000
31292,0
31293,1000
31294,0
31295,0
31300,1500
31301,0
31310,2000
31311,1000
31312,1000
31313,2000
31316,0
31317,2000
31318,0
31319,1000
31320,0
31321,0
31330,2000
31331,0
31332,0
31333,0
31334,1000
31335,1000
31346,2000
31348,1000
31349,0
31350,1000
31351,0
31365,0
31368,0
31369,1500
31372,0
31373,2000
31376,0
31377,1000
31378,0
31382,0
31383,0
31384,0
31385,0
31400,1000
31401,0
31404,0
31405,0
31406,0
31407,2000
31416,0
31417,0
31422,1000
31424,0
31425,0
31426,1000
31427,0
31430,0
31431,0
31434,1500
31435,2000
31442,1000
31443,0
31446,1000
31447,1000
31452,1000
31453,1000
31456,2000
31457,0
31462,1000
31466,0
31467,0
31476,1000
31481,0
31484,0
31485,1000
31486,0
31487,0
31496,0
31497,0
31500,0
31501,0
31516,1000
31530,0
31531,0
31542,1000
31543,0
31548,0
31554,2000
31570,0
31582,0
31583,0
31594,0
31595,1000
31596,1000
31597,1500
31605,0
31606,0
31607,0
31608,0
31612,1000
31613,1000
31616,1000
31617,0
31618,2000
31619,2000
31622,1000
31623,0
31626,0
31627,2000
31628,0
31629,2000
31644,1000
31645,1000
31646,0
31650,0
31651,0
31652,1000
31662,0
31663,0
31668,0
31669,0
31675,0
31676,2000
31677,1000
31686,0
31687,0
31688,0
31689,0
31691,0
31692,1000
31693,1000
31710,1500
31711,0
31712,0
31713,1500
31718,0
31719,2000
31720,2000
31721,0
31730,0
31731,0
31736,1000
31749,2000
31754,0
31755,0
31760,0
31762,2000
31763,0
31766,2000
31767,0
31770,0
31771,1500
31776,0
31777,2000
31780,2000
31781,0
31783,0
31786,0
31788,1000
31789,0
31816,1500
31817,1000
31828,0
31829,0
31840,2000
31841,1000
31846,0
31847,0
31850,0
31851,0
31854,0
31855,1000
31856,0
31857,0
31860,0
31861,2000
31865,0
31867,0
31872,0
31873,0
31879,0
31902,2000
31908,0
31909,0
31924,0
31925,0
31926,0
31927,1000
31934,0
31935,0
31937,0
31938,0
31939,1500
31940,0
31943,2000
31954,0
31966,0
31967,0
31970,2000
31971,1000
31974,1500
31975,0
31982,1000
31983,0
32001,0
32002,1000
32003,0
32008,1000
32009,0
32012,2000
32016,0
32017,0
32030,2000
32031,0
32032,0
32033,2000
32034,2000
32050,0
32051,1000
32052,1000
32053,0
32062,0
32070,0
32071,1000
32078,0
32079,0
32082,1000
32083,2000
32085,0
32088,1000
32089,1000
32095,1000
32100,0
32101,2000
32112,0
32113,0
32116,2000
32120,0
32121,1000
32124,0
32125,0
32135,1000
32136,0
32137,2000
32140,0
32141,2000
32150,0
32151,1000
32156,1000
32157,0
32162,0
32163,0
32176,1000
32177,0
32180,1000
32181,1000
32188,0
32189,0
32193,0
32196,0
32197,1000
32206,1500
32207,0
32210,1000
32211,0
32213,0
32219,0
32226,0
32227,0
32230,2000
32231,0
32232,0
32233,0
32245,0
32256,2000
32257,1000
32276,0
32277,2000
32278,0
32279,1000
32290,1000
32291,2000
32298,0
32299,1500
32300,1000
32301,0
32302,2000
32303,2000
32305,0
32308,2000
32309,1000
32316,2000
32317,0
32318,1000
32319,1000
32324,0
32325,2000
32330,0
32331,0
32335,0
32340,0
32341,0
32342,0
32343,0
32358,0
32359,0
32361,1000
32374,1000
32380,1500
32381,1000
32382,2000
32383,0
32404,1000
32405,1000
32408,0
32420,1000
32430,2000
32440,0
32441,1500
32444,1000
32445,0
32446,1000
32447,0
32456,0
32458,0
32460,2000
32461,1000
32466,0
32467,0
32470,0
32471,0
32472,1000
32473,1000
32478,1000
32479,1000
32482,0
32483,2000
32487,0
32492,0
32493,2000
32498,0
32499,0
32502,2000
32517,0
32518,0
32521,1000
32524,0
32535,1000
32538,0
32546,2000
32547,1000
32548,1000
32549,1500
32554,0
32555,1000
32556,2000
32557,2000
32573,0
32574,1000
32575,0
32576,1000
32577,2000
32588,2000
32589,1000
32590,0
32593,0
32594,0
32595,1000
32596,2000
32597,0
32598,0
32599,2000
32600,2000
32601,0
32604,2000
32605,0
32616,0
32617,0
32620,0
32621,1000
32628,1500
32629,1500
32632,0
32633,1000
32634,0
32636,1500
32637,0
32651,1000
32660,1000
32661,0
32662,1000
8351,0
11738,0
16308,0
248,0
4630,0
25555,0
12306,0
8989,0
24855,0
19634,0
4870,0
24848,0
13845,0
23644,0
9681,0
15003,0
6582,0
10870,0
3209,0
3060,0
8442,0
15869,0
24500,0
22768,0
32084,0
27078,0
9011,0
32457,0
5740,0
13592,0
14699,0
27970,0
5093,0
6851,0
17347,0
22841,0
23244,0
21035,0
20497,0
8606,0
29984,0
15554,0
14433,0
27261,0
1034,0
7638,0
2042,0
18560,0
30317,0
15992,0
14,0
25567,0
8562,0
7200,0
13826,0
10274,0
6122,0
8302,0
26838,0
24167,0
3928,0
23599,0
23626,0
2017,0
2886,0
15385,0
32530,0
28039,0
12531,0
1375,0
3135,0
19000,0
13454,0
22628,0
10110,0
7782,0
22302,0
9064,0
10997,0
5688,0
12298,0
20029,0
17055,0
12535,0
8981,0
8710,0
22229,0
9529,0
26957,0
19859,0
19826,0
9821,0
16222,0
4289,0
5481,0
27208,0
20478,0
30409,0
12295,0
26104,0
31955,0
25732,0
30928,0
11309,0
12574,0
21605,0
31673,0
29583,0
17976,0
6915,0
23453,0
6706,0
11018,0
11885,0
15982,0
24679,0
19618,0
28821,0
4824,0
21776,0
26674,0
3613,0
17398,0
26561,0
6208,0
20623,0
15985,0
13250,0
17153,0
27834,0
9899,0
30971,0
19939,0
22569,0
5299,0
28752,0
19206,0
30284,0
22998,0
30530,0
9281,0
19816,0
4486,0
21110,0
26411,0
5907,0
25755,0
16334,0
26693,0
32094,0
29561,0
11017,0
1356,0
15518,0
7141,0
829,0
12634,0
8826,0
24852,0
8546,0
27040,0
4853,0
8725,0
10508,0
24266,0
25064,0
5612,0
16539,0
13062,0
26371,0
27240,0
30407,0
9074,0
5496,0
6617,0
25216,0
2684,0
11055,0
14134,0
8192,0
23199,0
26431,0
26096,0
25608,0
18226,0
20892,0
7925,0
26709,0
1923,0
660,0
15566,0
12694,0
21816,0
437,0
9779,0
13694,0
11163,0
24996,0
31105,0
16416,0
6388,0
9645,0
2822,0
7321,0
30493,0
20358,0
32663,0
795,0
31587,0
22298,0
3821,0
6449,0
5643,0
492,0
27617,0
317,0
17419,0
17584,0
28792,0
5805,0
25485,0
31102,0
25051,0
31003,0
19075,0
12810,0
21275,0
25593,0
16598,0
5110,0
16868,0
13878,0
10945,0
1740,0
16760,0
10088,0
9982,0
30951,0
28192,0
15085,0
29771,0
11104,0
18246,0
5880,0
3934,0
2339,0
25688,0
1978,0
15602,0
6414,0
20744,0
24739,0
26947,0
8356,0
340,0
5070,0
4205,0
17583,0
12361,0
5365,0
12214,0
13822,0
13393,0
6914,0
11383,0
14484,0
8617,0
31517,0
29306,0
22367,0
24069,0
27390,0
18646,0
17233,0
11436,0
13872,0
6665,0
21223,0
9305,0
17466,0
17005,0
10464,0
15106,0
29682,0
28108,0
31455,0
13546,0
25603,0
11598,0
8411,0
6744,0
16077,0
986,0
9687,0
8144,0
9326,0
16046,0
17375,0
14254,0
20375,0
4045,0
14593,0
27630,0
2276,0
32334,0
3022,0
16515,0
31782,0
27306,0
6705,0
4905,0
6644,0
8821,0
12867,0
8171,0
7628,0
3428,0
14216,0
414,0
24901,0
13627,0
27638,0
19485,0
17018,0
24873,0
25637,0
8871,0
12672,0
2488,0
32375,0
17625,0
18179,0
25297,0
31269,0
4445,0
19776,0
30079,0
5458,0
24187,0
2671,0
26052,0
19721,0
28520,0
26546,0
1638,0
2844,0
1719,0
6531,0
19038,0
28737,0
9251,0
21783,0
20556,0
25420,0
26033,0
472,0
31866,0
25742,0
30929,0
17483,0
14249,0
8669,0
16650,0
8261,0
16606,0
4980,0
16939,0
16837,0
1428,0
24175,0
10226,0
7821,0
2046,0
11230,0
5366,0
18389,0
12055,0
13549,0
2950,0
16547,0
7495,0
18873,0
30459,0
19270,0
5393,0
28241,0
15653,0
3996,0
17163,0
10290,0
12999,0
21141,0
23461,0
12509,0
7546,0
26173,0
23148,0
4737,0
28736,0
10704,0
22241,0
2150,0
20917,0
26141,0
29340,0
17847,0
19423,0
20732,0
5158,0
32035,0
30919,0
27502,0
17482,0
20123,0
32108,0
22694,0
15885,0
507,0
17441,0
8370,0
13610,0
21222,0
23394,0
23512,0
20221,0
14624,0
3721,0
2901,0
13692,0
10169,0
23435,0
29262,0
5406,0
3280,0
1772,0
21620,0
25309,0
423,0
15525,0
18588,0
28621,0
87,0
393,0
27159,0
1344,0
24413,0
7924,0
15358,0
29813,0
13677,0
16079,0
18419,0
5505,0
9542,0
4843,0
26951,0
18915,0
27865,0
24036,0
2175,0
8817,0
28186,0
12552,0
2621,0
17399,0
14915,0
13171,0
14337,0
26694,0
24678,0
23092,0
6523,0
5058,0
25661,0
14017,0
27651,0
32109,0
9317,0
9990,0
17708,0
5403,0
7345,0
3720,0
2588,0
16991,0
10010,0
11793,0
21082,0
15880,0
12307,0
17723,0
531,0
20450,0
13705,0
6389,0
13767,0
30216,0
25743,0
30543,0
27061,0
17997,0
10885,0
2547,0
25973,0
25858,0
8975,0
22783,0
26054,0
32520,0
29611,0
31347,0
32063,0
4277,0
31761,0
21670,0
30615,0
21250,0
15835,0
3555,0
24129,0
32635,0
31364,0
4890,0
20749,0
27314,0
10000,0
43,0
24062,0
9069,0
14275,0
18950,0
20740,0
1941,0
25769,0
1808,0
15134,0
8874,0
21036,0
16685,0
5695,0
12958,0
6810,0
26851,0
1729,0
23624,0
3176,0
6688,0
1371,0
30309,0
16787,0
1937,0
11331,0
29953,0
2989,0
20735,0
22787,0
8388,0
28830,0
8530,0
31098,0
14979,0
22594,0
9143,0
428,0
15143,0
12707,0
26677,0
14939,0
8590,0
7726,0
10296,0
4754,0
25551,0
30952,0
814,0
6568,0
2506,0
1497,0
20658,0
22945,0
5798,0
19785,0
15988,0
32192,0
8077,0
15474,0
17710,0
880,0
9780,0
5371,0
31748,0
25626,0
1076,0
30997,0
20311,0
4686,0
20319,0
14135,0
6812,0
15549,0
3749,0
8187,0
28234,0
12671,0
10359,0
2670,0
23354,0
8258,0
4297,0
29624,0
4157,0
16625,0
28295,0
11101,0
17491,0
16679,0
24625,0
1817,0
31007,0
2174,0
8430,0
32360,0
10470,0
22295,0
24400,0
22981,0
21155,0
3607,0
907,0
6131,0
7366,0
12859,0
1292,0
12330,0
30484,0
6962,0
10507,0
6058,0
1473,0
30129,0
27470,0
12267,0
14949,0
2534,0
19419,0
15666,0
22936,0
13775,0
7448,0
8234,0
8376,0
23543,0
26497,0
32218,0
26686,0
21294,0
12058,0
9150,0
14980,0
7711,0
27859,0
24868,0
874,0
31016,0
30609,0
20781,0
6452,0
13003,0
2714,0
6174,0
8732,0
6085,0
4723,0
17870,0
26074,0
31272,0
1979,0
3061,0
7494,0
29723,0
1398,0
20070,0
11665,0
18367,0
11587,0
17478,0
7465,0
8299,0
22897,0
30613,0
14403,0
9894,0
13097,0
3793,0
20098,0
15348,0
27187,0
19619,0
32539,0
32534,0
20004,0
12272,0
18192,0
27895,0
24557,0
7210,0
5018,0
2528,0
6854,0
1072,0
4128,0
6453,0
7065,0
25588,0
21565,0
21215,0
18521,0
27606,0
18185,0
2951,0
11465,0
6275,0
28105,0
27345,0
32503,0
2176,0
21691,0
23972,0
9114,0
25994,0
11103,0
16967,0
16627,0
10675,0
764,0
20730,0
21649,0
11570,0
2183,0
5302,0
2893,0
5042,0
13407,0
22173,0
15751,0
28224,0
17104,0
21869,0
8334,0
18863,0
25206,0
16017,0
18967,0
22932,0
24860,0
17002,0
27550,0
12315,0
7608,0
7627,0
29123,0
10923,0
27002,0
22973,0
20115,0
30618,0
14222,0
30628,0
6691,0
7148,0
19458,0
20327,0
1930,0
29967,0
3938,0
9291,0
13713,0
12025,0
2414,0
15764,0
21196,0
21768,0
18344,0
31108,0
339,0
7692,0
381,0
1421,0
8946,0
21202,0
5573,0
12176,0
19013,0
19827,0
18141,0
3634,0
25770,0
26655,0
10857,0
30807,0
1658,0
2105,0
6379,0
20289,0
10839,0
4807,0
26685,0
15780,0
8735,0
29935,0
31075,0
23257,0
21810,0
21177,0
29844,0
5639,0
7249,0
29039,0
4048,0
12865,0
29768,0
28359,0
31549,0
3138,0
15703,0
6227,0
3053,0
29683,0
2787,0
20143,0
31647,0
28423,0
17126,0
20853,0
28628,0
32516,0
3901,0
30838,0
16592,0
22085,0
11064,0
25231,0
5088,0
16270,0
32431,0
8337,0
32591,0
327,0
3343,0
30944,0
12651,0
23748,0
30283,0
4414,0
14838,0
10208,0
25207,0
7699,0
3836,0
15341,0
12613,0
2158,0
10407,0
6707,0
12152,0
30745,0
10554,0
28839,0
27978,0
31864,0
28078,0
15918,0
32134,0
19638,0
28853,0
31942,0
12925,0
24652,0
7398,0
21331,0
13977,0
16918,0
12553,0
8374,0
23111,0
21065,0
9474,0
4099,0
24807,0
5295,0
8117,0
5089,0
9498,0
27804,0
32212,0
31936,0
32459,0
13943,0
22708,0
27222,0
23072,0
11764,0
9874,0
8816,0
31586,0
5310,0
19612,0
6048,0
29245,0
1457,0
6558,0
31903,0
18338,0
31690,0
31144,0
22169,0
27964,0
21182,0
25234,0
20053,0
987,0
8680,0
21589,0
25554,0
4521,0
20255,0
23551,0
7213,0
26344,0
30202,0
17188,0
20052,0
977,0
24914,0
29210,0
5055,0
16055,0
27756,0
26196,0
2016,0
19828,0
4310,0
2514,0
21651,0
15811,0
515,0
7543,0
31653,0
28091,0
10367,0
16623,0
2258,0
25781,0
10978,0
16329,0
10746,0
17100,0
29120,0
5085,0
10118,0
21357,0
9186,0
27714,0
7119,0
22534,0
28795,0
17091,0
11442,0
22824,0
1029,0
15741,0
6618,0
22762,0
2259,0
30319,0
29700,0
22922,0
8634,0
1931,0
1774,0
20610,0
27972,0
13361,0
23123,0
29584,0
5962,0
5543,0
6783,0
5155,0
23425,0
20193,0
30128,0
23564,0
11831,0
17802,0
15839,0
12562,0
22904,0
18766,0
3810,0
8293,0
22423,0
7093,0
29202,0
14629,0
17839,0
31423,0
6258,0
700,0
24758,0
16085,0
2843,0
19356,0
9527,0
13683,0
11542,0
11076,0
2221,0
13708,0
6664,0
22967,0
7151,0
28672,0
18010,0
17242,0
24801,0
26956,0
20691,0
15625,0
6889,0
17517,0
18262,0
6639,0
23843,0
28629,0
13403,0
26893,0
12685,0
29100,0
30758,0
10273,0
23463,0
26093,0
10710,0
752,0
30233,0
5524,0
28122,0
7684,0
18482,0
29933,0
7663,0
12006,0
20451,0
19294,0
7626,0
6403,0
9714,0
6014,0
21112,0
19223,0
30903,0
22090,0
31338,0
4983,0
15155,0
7104,0
19810,0
29592,0
27835,0
25815,0
5053,0
6537,0
24271,0
13448,0
24319,0
10380,0
4392,0
688,0
32531,0
12610,0
14200,0
672,0
31061,0
4098,0
30301,0
27172,0
6529,0
17363,0
10089,0
6114,0
29797,0
22339,0
29458,0
27430,0
17771,0
29466,0
22084,0
8998,0
16436,0
3339,0
10960,0
12439,0
14189,0
13617,0
20806,0
11138,0
22077,0
19295,0
1854,0
15263,0
18525,0
20787,0
15943,0
165,0
21264,0
23973,0
3617,0
10795,0
9528,0
21885,0
22319,0
19448,0
16138,0
19428,0
32486,0
3515,0
10634,0
12950,0
18566,0
9004,0
11205,0
22673,0
3933,0
11131,0
2890,0
2427,0
23752,0
18811,0
11967,0
13819,0
8591,0
22330,0
10557,0
10673,0
14660,0
23379,0
28675,0
26690,0
19325,0
29629,0
15490,0
17351,0
9942,0
22328,0
4782,0
12087,0
4588,0
4007,0
16651,0
17284,0
17152,0
661,0
29924,0
29934,0
6286,0
18243,0
1115,0
30359,0
10757,0
28004,0
13879,0
29952,0
20797,0
23007,0
17293,0
4598,0
12977,0
8494,0
7054,0
19444,0
18222,0
19784,0
25067,0
4273,0
13564,0
31480,0
26808,0
13544,0
2420,0
7364,0
29504,0
7055,0
11652,0
18153,0
24838,0
18966,0
5587,0
22912,0
4563,0
28775,0
13318,0
19684,0
4825,0
6222,0
26020,0
28038,0
17075,0
19210,0
31028,0
26481,0
29128,0
25,0
16944,0
30563,0
22728,0
15543,0
24973,0
2451,0
1814,0
2489,0
7697,0
9352,0
21039,0
11953,0
30906,0
19897,0
7457,0
26448,0
1091,0
20967,0
20013,0
6607,0
13818,0
17167,0
11807,0
7916,0
5602,0
24872,0
18996,0
5669,0
11334,0
11366,0
32572,0
6118,0
8656,0
15697,0
20054,0
24283,0
11314,0
24249,0
12179,0
25859,0
26,0
15765,0
21477,0
11897,0
21895,0
11210,0
1104,0
27773,0
27971,0
3953,0
26587,0
25398,0
22568,0
32525,0
24593,0
23655,0
26462,0
26799,0
25423,0
14369,0
29638,0
28643,0
32013,0
7483,0
15804,0
30647,0
793,0
16228,0
4884,0
18693,0
23275,0
22825,0
5054,0
14785,0
1741,0
13015,0
18152,0
9743,0
21102,0
16770,0
19480,0
20109,0
28764,0
8140,0
11470,0
5980,0
31941,0
701,0
7515,0
28201,0
25249,0
21775,0
11602,0
30032,0
32000,0
29240,0
14514,0
18124,0
3283,0
21407,0
17336,0
31604,0
13616,0
32519,0
21571,0
1963,0
2845,0
6502,0
29235,0
107,0
106,0
11516,0
9012,0
1898,0
29181,0
16387,0
5569,0
14477,0
25975,0
20166,0
5450,0
23555,0
16398,0
16426,0
13201,0
14077,0
10753,0
27236,0
23507,0
28826,0
5152,0
28635,0
28468,0
6538,0
10785,0
32421,0
10994,0
30245,0
11211,0
18388,0
26682,0
21481,0
69,0
24839,0
23650,0
21464,0
26869,0
21964,0
29526,0
19138,0
14323,0
21100,0
15565,0
27195,0
29705,0
14024,0
31477,0
29604,0
22273,0
21796,0
20575,0
27883,0
27753,0
29539,0
31674,0
31463,0
18235,0
2437,0
23204,0
6704,0
30575,0
6937,0
19999,0
26658,0
9887,0
9175,0
5799,0
6437,0
27167,0
1402,0
11815,0
29117,0
15082,0
2727,0
18647,0
370,0
14084,0
14231,0
27672,0
9349,0
8882,0
7365,0
3154,0
26946,0
2736,0
14156,0
12217,0
25708,0
6619,0
11416,0
2808,0
20852,0
4806,0
15875,0
23393,0
14485,0
6115,0
24373,0
1191,0
29745,0
32409,0
15282,0
7358,0
14251,0
19997,0
14740,0
30285,0
29722,0
29403,0
21887,0
26464,0
11084,0
8784,0
7531,0
16792,0
13567,0
11422,0
21344,0
26689,0
8097,0
29054,0
11232,0
18641,0
6331,0
27830,0
28469,0
18174,0
2755,0
4509,0
16717,0
25125,0
16431,0
26051,0
7967,0
30353,0
30012,0
3741,0
31555,0
27863,0
12144,0
30712,0
11775,0
17385,0
11070,0
13134,0
1786,0
15845,0
24479,0
5546,0
6063,0
28913,0
27450,0
458,0
14201,0
31454,0
6499,0
20202,0
29824,0
4272,0
18640,0
1596,0
15076,0
11984,0
17945,0
14072,0
31609,0
27677,0
27200,0
8973,0
16836,0
31571,0
3065,0
9520,0
11624,0
5881,0
1527,0
15284,0
23124,0
25687,0
13339,0
23837,0
22933,0
14812,0
17079,0
1429,0
18067,0
30855,0
27513,0
20307,0
4451,0
20288,0
24669,0
23206,0
9039,0
12618,0
5525,0
7368,0
21298,0
20761,0
22168,0
31737,0
9396,0
13,0
26239,0
18524,0
16401,0
22830,0
30586,0
15127,0
13490,0
23141,0
11240,0
19595,0
12333,0
30155,0
29088,0
30443,0
28952,0
23923,0
24068,0
27201,0
23286,0
9250,0
31128,0
645,0
25237,0
14804,0
10096,0
6623,0
18778,0
19484,0
21519,0
16229,0
28460,0
27219,0
26499,0
5402,0
27194,0
10097,0
29886,0
25689,0
28810,0
24347,0
7904,0
26586,0
4329,0
22969,0
24451,0
25481,0
16528,0
5888,0
21671,0
13823,0
17624,0
23654,0
4534,0
28654,0
12513,0
15371,0
19189,0
31878,0
16622,0
27661,0
29625,0
9870,0
189,0
30242,0
32592,0
25394,0
5476,0
8928,0
22915,0
10045,0
23542,0
415,0
18624,0
2964,0
2785,0
21450,0
11592,0
25853,0
27085,0
18393,0
16121,0
15786,0
1916,0
32304,0
4225,0
31142,0
18343,0
4207,0
22828,0
20161,0
8504,0
22758,0
23488,0
14819,0
16533,0
7877,0
7436,0
11828,0
1345,0
16529,0
24670,0
2376,0
10568,0
7463,0
31339,0
23744,0
30769,0
31068,0
15961,0
9017,0
9984,0
28827,0
32117,0
2161,0
15102,0
18567,0
17285,0
144,0
12257,0
11361,0
727,0
20108,0
25698,0
6871,0
18853,0
11431,0
31672,0
24161,0
15796,0
892,0
23887,0
20461,0
2754,0
2412,0
7866,0
3680,0
25507,0
836,0
15888,0
262,0
22902,0
22901,0
18544,0
1818,0
27451,0
22471,0
2353,0
16164,0
6089,0
4260,0
24884,0
6583,0
17050,0
31379,0
29684,0
19455,0
31190,0
15128,0
5325,0
9605,0
13693,0
12922,0
18632,0
3467,0
26831,0
10115,0
10996,0
29136,0
16880,0
18592,0
21029,0
6265,0
20302,0
21058,0
10114,0
10788,0
17840,0
18181,0
30854,0
11299,0
26811,0
30389,0
23920,0
27446,0
20809,0
5480,0
16486,0
21218,0
30105,0
628,0
27073,0
3974,0
32244,0
30645,0
4119,0
7131,0
30227,0
1280,0
7878,0
20168,0
2301,0
15819,0
30148,0
27882,0
25959,0
31787,0
21173,0
30653,0
6246,0
26446,0
18227,0
25868,0
4280,0
24856,0
9710,0
5623,0
8389,0
9102,0
26035,0
21299,0
12468,0
27186,0
14060,0
16696,0
15656,0
222,0
15911,0
16706,0
3891,0
